"metabolite","estimate","std_err","wald_p","log_wald_p","joint_p","log_joint_p"
"lpc226_4",0.109027269231426,0.283519832822427,0.70057158295637,0.154547482798424,0.60861771173033,0.215655413143116
"lpc204_5",-0.128791579514201,0.271636453590545,0.635405663753163,0.196948918363478,0.46125604264917,0.336057931354291
"lpc182_2",-0.0860069566952089,0.293641672047529,0.76960038252345,0.11373472510774,0.209010443946604,0.679832012285811
"lpe226_16",0.0930762002559381,0.282800156177796,0.742062280795138,0.129559643143404,0.771003349394637,0.112943735281794
"lpe204_20",-0.0185852734010462,0.270112563545777,0.945144312173435,0.0245018748816693,0.978643973735931,0.0093752738389061
"lpe182_17",-0.0736481040692644,0.285607033480153,0.79651097216938,0.0988082372893463,0.670138163596103,0.17383564878958
"lpe182_21",-0.134061361514584,0.291385137213122,0.645456612767958,0.190132945448295,0.763994735023528,0.116909634301415
"lpc225_7",-0.108645803905013,0.271307882097149,0.688823576654031,0.161891996520263,0.777928407015846,0.109060369422445
"lpc225_10",-0.331533315289464,0.275066962591646,0.228094376731689,0.641885421362987,0.244936631165625,0.61094625969589
"pg364_pg182182_47",-0.310508695596437,0.305871271428693,0.31002891671089,0.508597797190597,0.0619290640132983,1.20810548380331
"lpe225_23",0.153224329445937,0.269567226039208,0.569757552478026,0.244309909275639,0.486402522217108,0.313004181716136
"lpc203_9",-0.0997560745612451,0.283396066839272,0.724836518467605,0.139759934302765,0.295499524728959,0.529443213286132
"lpc160_11",-0.12837512643393,0.276086416422328,0.64194457419924,0.192502467505214,0.514983712204948,0.288206506514877
"lpe160_24",-0.0790434061657038,0.263848840407524,0.764498783221081,0.116623201475717,0.804643950177483,0.0943962496689718
"lpc181_13",-0.15587677863613,0.279609796322107,0.577199741425085,0.238673872134475,0.270108446797909,0.568461834396917
"lpe181_25",-0.411641767755285,0.284666691752535,0.14816367271248,0.82925826514517,0.187327915590338,0.727397499274683
"lpe224_27",-0.171441913672394,0.280600071532004,0.541210740031459,0.266633593652173,0.829525570660358,0.0811702220259643
"lpc170_14",0.173720196430003,0.287037834214258,0.545034776516643,0.263575786223489,0.601363843721288,0.220862686884599
"lpc180_15",-0.105473879396006,0.278858891407776,0.705256861931344,0.151652679600926,0.795637423792338,0.0992847974879492
"pi406pi18226_70",-0.305039227826099,0.288867804061717,0.290976396889163,0.536142238218676,0.103911622830705,0.983335872568647
"smd182160_76",-0.317105121662538,0.274427947298098,0.247880321183933,0.605757949797171,0.440125929917894,0.356423044323842
"pi385_pi181204_65",-0.629036403610698,0.285937669244513,0.0278134633321779,1.55574492942407,0.0880438866809202,1.05530079384678
"pi363_pi181182_64",-0.464816203951185,0.274348187085704,0.0902165494282398,1.04471378766762,0.102312085561721,0.990073062448601
"pi363_pi180183_68",-0.269269281642281,0.282815066126252,0.341044373446098,0.467189111068968,0.308390871170444,0.510898486194949
"pc408_pc182226_6",-0.187671029609385,0.288213112055912,0.514947285222012,0.288237227092717,0.236423808310585,0.626308791338694
"pi384_pi180204_72",-0.237834291251353,0.282355187870177,0.399607136021243,0.39836676492309,0.677487127304617,0.169098952252352
"pi362_pi180182_71",-0.331161331898458,0.2750513250117,0.228590229749698,0.640942335867557,0.462250818758435,0.335122310927134
"smd181160_77",0.116327423480445,0.271671970419483,0.668512253665353,0.174890627817894,0.269937988635097,0.568735992458542
"pc343_pc161182_1",-0.0358614408943471,0.264990494106524,0.892350139264601,0.0494647042411914,0.935276789835848,0.029059843128423
"pc343_pc160183_8",-0.0257903613912567,0.265986240830214,0.922757158473092,0.0349125769929891,0.975832160706139,0.0106248728531362
"pc365_3",0.115823233355264,0.285262058723547,0.68472498882813,0.164483822399755,0.525221677335605,0.279657357691174
"pc332_pc150182_7",-0.160498593357701,0.269393678936898,0.551324122661572,0.258593004963838,0.824858540980041,0.0836205243462759
"pc321_pc160161_11",0.229965892883931,0.269824208554889,0.394058464372959,0.404439339415734,0.520759657619512,0.283362667204565
"pc322_pc140182_24",-0.0647928467270548,0.268075090044194,0.809015238496019,0.0920432980015656,0.65276805450771,0.185241107456551
"pc386_9",0.133979263267399,0.293478375325648,0.648014829773742,0.188415055217048,0.816042260857835,0.0882873496014035
"smd181250_",0.0164368528667896,0.285286543849342,0.954055109587878,0.0204265381903994,0.743761886415076,0.128566080539727
"pi383_pi180203_74",0.0600736203117099,0.275732010219474,0.827530720818555,0.0822158747313054,0.592082739037581,0.227617599701651
"pg386_pg182204_43",0.472619326045822,0.296816661832001,0.111318708663534,0.953431840278654,0.218596731195941,0.660356336595736
"pc364_10",-0.179674433672349,0.273244063786929,0.510820746806599,0.291731472331396,0.658797025133336,0.181248370599875
"pe386_pe160226_37",-0.163695966038085,0.273726820119891,0.54982207114063,0.259777830548948,0.738326601186732,0.1317514840894
"pc342_pc160182_14",0.155570402080705,0.274218186185619,0.570494461054774,0.243748567801463,0.847631608388992,0.0717928567123407
"pc407_pc181226_15",-0.106002253811746,0.28721687719743,0.712077830633666,0.147472535060619,0.882017268652843,0.0545229119121457
"ps384_ps180204_56",-0.216025969696507,0.300544216413767,0.472274846579153,0.32580518438895,0.433519827680004,0.362991034623545
"pe364_pe160204_39",-0.18883219228606,0.270864051428611,0.485710499672453,0.313622508220352,0.645520388234506,0.190090036344254
"pc396_pc170226_20",0.087809222447873,0.281139850770341,0.754787545801842,0.122175274424117,0.948126730830735,0.0231336090522647
"pg364_pg182182_44",-0.483798271431954,0.298021669833762,0.104511170199881,0.980837289486766,0.244593612665131,0.611554888348415
"pc385_16",0.0753887010613085,0.275092011774174,0.784046937113881,0.105657937418392,0.916605524847617,0.0378175293696501
"pe342_pe160182_38",-0.307877402750257,0.276252486766465,0.26507404732794,0.576632790765623,0.339132297008583,0.469630848544854
"pg4412_pg226226_40",-0.452919789362512,0.295518364287907,0.12536748029432,0.901815102742197,0.167927258316582,0.774878802518118
"pc363_pc181182_18",-0.147105665679222,0.278181525796292,0.596936030435371,0.224072206755821,0.549935396836381,0.259688325860996
"pe385_pe180205_41",-0.353988515029047,0.273077243708591,0.194874060467071,0.710245965632226,0.139425663762267,0.855657279290381
"smd180181_",0.0974795109933756,0.2703221338705,0.718394756808648,0.143636846019735,0.761091636914181,0.118563050180507
"pe363_pe181182_40",-0.557406651949539,0.291281338296845,0.0556665954101678,1.25440533949407,0.126528186027473,0.897812718182544
"pc320_pc160160_21",0.121632238770744,0.270319465569447,0.652741171441614,0.18525899345388,0.846887012522896,0.0721745272265688
"pc352_pc170182_23",-0.173241565046757,0.27205730638281,0.524265967849942,0.280448333121066,0.538058325883998,0.269170643968192
"pi365_pi160205_58",-0.356648759059505,0.288319986367858,0.21609102807207,0.665363264304542,0.4649505813346,0.332593204947112
"pg4210_pg204226_41",-0.277833995839654,0.276830322197505,0.315559114572613,0.500919271196944,0.604087134659867,0.218900413410948
"ps386_ps160226_51",0.00712639048832442,0.265561028248745,0.978591156206099,0.00939871339546094,0.397924253970172,0.400199589266799
"pc341_pc160181_26",0.20632058745445,0.269013274404256,0.443109350638507,0.353489085247426,0.447113217784347,0.349582491111719
"pc406_pc180226_27",0.201731020830902,0.288982695556372,0.485131534594826,0.314140494379501,0.78234178121528,0.106603475497673
"pc372_pc182190_36",-0.170285115095238,0.267584093566025,0.524528896030981,0.28023058174854,0.624259630751752,0.204634748856344
"pe341_pe160181_42",-0.323673001098824,0.274877570388723,0.238989232189619,0.621621666022482,0.456051287542345,0.340986313817753
"pi364_pi160204_63",-0.232039042321513,0.263964806884527,0.379372566497116,0.420934077373784,0.638986643923855,0.194508219354573
"pc384_pc180204_28",-0.0820455960218444,0.271320218714418,0.762351756739212,0.117844594590182,0.89482033987265,0.048264152655361
"pg408_pg182226_42",-0.176283520581745,0.269603425182273,0.513200512805841,0.2897129183364,0.404722258163153,0.392842910430235
"pe406_pe180226_43",-0.152894331149367,0.272514529990085,0.574763316867626,0.24051095764002,0.817646512883552,0.0874344111011273
"pc362_pc180182_29",0.0678693243880413,0.284670025357351,0.811559996504568,0.090679368397562,0.610562614558248,0.214269791567212
"pi343_pi161182_60",0.0357554685337508,0.279235438506493,0.898111188082481,0.046669893420168,0.891763559054247,0.0497502785944064
"pg363_pg181182_48",-0.182741858949052,0.275822690400819,0.507629171791292,0.294453428374119,0.48265713272127,0.316361271409854
"pc405_pc180225_30",0.0185097407175528,0.272127341767077,0.945770769676091,0.0242141125711184,0.950147711663019,0.0222088732654276
"pi342_pi160182_62",0.161375773353016,0.282768561928064,0.568203606074817,0.245496014376855,0.647610427321613,0.188686167188924
"pe405_pe180225_46",-0.257587002435928,0.269056157867636,0.338379206230659,0.470596332680141,0.522162112619609,0.282194643193223
"pe384_pe180204_45",-0.446974202946533,0.271933540324787,0.100240433454626,0.998957064055552,0.120805736863714,0.917912441301847
"pc340_pc160180_32",0.660469148206947,0.294901788165656,0.0251153375916804,1.600060979829,0.0318124080829847,1.49740345514385
"ps386_ps180226_55",-0.0487689579878399,0.275805874970675,0.859647035686446,0.0656798300579516,0.644185333380372,0.19098916729106
"pc374_pc170204_22",0.0859535264384953,0.281596756309325,0.760186256435119,0.119079986361887,0.566477083366318,0.246817654677659
"pc384_pc180224_35",-0.0330397172327241,0.270965560651589,0.902951865493251,0.0443354004150099,0.949016567922714,0.0227262055973622
"pc361_pc180181_34",0.0497544702859758,0.270942558080592,0.854299996156371,0.0683895955909966,0.612899206650024,0.212610940807687
"dg386_dg18320389",-0.147881010545141,0.272662342773074,0.587570877390966,0.230939737901926,0.856011865505281,0.067520215360518
"dg386_dg18220488",-0.215476768210354,0.272563649096255,0.429203259869617,0.367336988155271,0.72277539632845,0.140996639482235
"pe361_pe180181_47",-0.502418510195777,0.277416554031015,0.0701312933868552,1.15408815161035,0.191850653198262,0.717036717810894
"smd181220_",-0.0711134671299289,0.287381157250783,0.804557290543068,0.0944430254234447,0.886955850860381,0.0520979970847397
"smd181241_",0.339355539735232,0.267595063740121,0.204737904694915,0.688801745633066,0.433083284816301,0.363428577877481
"dg385_dg18220391",-0.207533799553413,0.264611110138019,0.432865638339197,0.363646887903569,0.729160597702864,0.137176807738627
"dg342_dg16018290",-0.308154870482794,0.263400822278129,0.242037778234073,0.616116842291877,0.504061942344443,0.297516091400857
"pc394_pc190204_33",0.0682392181856713,0.28930162944669,0.813529141412403,0.089626885593841,0.941394614365278,0.0262282905823534
"dg363_dg18118292",-0.372347741999537,0.266717770798435,0.162703505425121,0.788603090146196,0.355087797161387,0.44966425227325
"dg362_dg18128193",-0.268965978141288,0.26438492238385,0.308997791697538,0.510044624319504,0.59493629506471,0.225529535419466
"pc4210_pc204226_2",0.23870169068729,0.261961199027737,0.362184682734799,0.441069920516764,0.658341498924007,0.181548768049875
"tg5811tg160_205_226_19",-0.128114995596184,0.26953934767539,0.63456537610215,0.197523628072359,0.85623375264444,0.0674076563214872
"tg5812tg182_205_205_1",0.207451778852143,0.282059160798816,0.462040940886485,0.335319540432377,0.759358686983395,0.119553034406127
"tg5811tg183_204_204_7",0.17261746752247,0.288937011264766,0.550225344824714,0.259459408740945,0.835389541215174,0.0781109662518534
"tg6214tg182_226_226_15",0.15312044306406,0.299375217864037,0.609024327491132,0.215365359117307,0.823653729657805,0.0842553306640237
"tg548_6",-0.064605015952552,0.286476789997369,0.821578107320662,0.0853511419479107,0.961601539378064,0.0170048501012528
"tg6012tg160_226_226_29",0.712826789828251,0.299658013263066,0.0173690485786177,1.76022397017541,0.018119414341487,1.74185584376577
"tg569tg182_182_205_11",-0.00147004254579468,0.284356003611464,0.99587517403702,0.00179509392999287,0.965539165766553,0.0152301049697177
"tg526_17",-0.323758752321534,0.274719530923924,0.23859474334676,0.622339128815903,0.265268551081702,0.576314234756699
"tg548tg140_182_226_10",-0.140166017704945,0.284487493669458,0.622226988256419,0.20605115588137,0.861815976263854,0.0645854592625952
"tg526tg161_182_183_18",-0.332904219473044,0.274029130250986,0.224423403379213,0.648931855845148,0.310491870810957,0.507949765884051
"tg462tg120_160_181_8",-0.327027962811998,0.286304751740548,0.253355401023345,0.59626983299702,0.496197021917258,0.304345846611135
"tg526tg182_182_183_16",-0.297982927099558,0.272332657110532,0.27387285266528,0.562451014558671,0.220705254726665,0.656187326685979
"tg5811tg182_203_204_9",0.0492215737377215,0.286459997578639,0.863573506074355,0.063700690031891,0.981367291183473,0.0081684210802451
"tg547tg160_182_205_27",-0.329154848984756,0.273409093546614,0.228631566687055,0.640863807660976,0.227327008465584,0.643348963171869
"tg569tg161_182_226_12",-0.109077317185378,0.282730034777609,0.699644612530513,0.155122505714095,0.926518101086754,0.0331460915903053
"tg483tg141_160_182_14",-0.220256483917328,0.279233290564107,0.430234636550052,0.366294629148376,0.731999506323949,0.135489211838954
"tg5810tg182_182_226_23",-0.138628155320104,0.284114875415141,0.625599463612326,0.203703632311231,0.859360931641843,0.0658243941452975
"tg569tg160_183_226_13",-0.112884734771406,0.283946256160933,0.69095698821617,0.160548986434436,0.922109787137751,0.0352173684153622
"tg504tg161_161_182_21",-0.0560413715740519,0.26957675294497,0.835317578979011,0.0781483789158839,0.977818770812679,0.0097416300072204
"tg504tg160_161_183_22",-0.0190466650074473,0.271337382894238,0.944038050848978,0.0250105004681381,0.932326693585168,0.0304318812508069
"tg5810tg160_204_226_24",0.155078854946157,0.288899742075978,0.59141181336545,0.228110004753785,0.856768284632089,0.0671366183482452
"tg525tg161_182_182_26",-0.381923796372655,0.272766296106695,0.161457355684495,0.791942164580437,0.189909278164075,0.721453816953202
"tg568tg181_182_205_28",-0.231353446316715,0.281118733986306,0.410522703469069,0.386662819741412,0.557604034722527,0.253674092421901
"tg525tg160_182_183_30",-0.428746294430643,0.271661448511554,0.114511050532276,0.941152601065432,0.142666964363615,0.845676579482141
"tg546tg182_182_182_32",-0.37067212688841,0.275380572833147,0.178290951150288,0.748870698132679,0.207998160726024,0.681940505374114
"tg6011tg181_204_226_35",0.0197847191666123,0.28860598514615,0.945345671141349,0.0244093601476593,0.975580891179625,0.0107367148533041
"tg568tg160_182_226_34",-0.115499113095715,0.278493045292792,0.678340376808251,0.168552331684602,0.917242943503435,0.0375156206560241
"tg482tg140_160_182_33",-0.218535606446963,0.276699795172469,0.429648572533122,0.366886626771581,0.732052353663074,0.135457858703997
"tg589tg181_182_226_38",-0.0880218213220035,0.285007915219386,0.757443301888543,0.120649870546469,0.941499858121285,0.0261797410930389
"tg589tg182_182_225_39",-0.204740931303081,0.282626177927618,0.468806023789952,0.329006816610425,0.740179360301937,0.130663029254351
"tg503tg160_161_182_36",-0.24726576625997,0.269457577614614,0.358805980098879,0.445140327327216,0.612759935648696,0.212709638113551
"tg546tg160_182_204_40",-0.216415601901043,0.271073979567663,0.424659512184263,0.371959143466962,0.722468821289078,0.141180890487377
"tg567tg160_182_225_42",-0.232382809936326,0.273331185912792,0.395220743829653,0.403160268805252,0.408072538870622,0.389262629971234
"tg524tg160_182_182_41",-0.329878608620571,0.270840924199156,0.223231882086606,0.65124377915437,0.187836245926183,0.726220600105796
"tg545tg181_182_182_44",-0.412177267707462,0.274089799349181,0.132631905713935,0.877351990194261,0.200610624421436,0.697646070291584
"tg545tg160_181_204_52",-0.40981296224395,0.274110293126696,0.134897234611833,0.869996953257164,0.275058185796436,0.560575425815752
"tg513tg160_171_182_45",-0.321249338114688,0.26928052339063,0.232872756397211,0.632881316267488,0.328758408419654,0.483123130719499
"tg567tg160_181_226_46",-0.0576300149189991,0.276126940790113,0.834675874071206,0.0784821394030008,0.847580212830949,0.071819190657137
"tg434tg170_182_182_47",-0.357921932779817,0.277443038836501,0.197025113979936,0.705478412580798,0.166647956336031,0.778200007880599
"tg588tg181_203_204_43",-0.157040114702397,0.281380164871326,0.576771624179257,0.238996114040198,0.714614942120387,0.145927907231552
"tg588tg181_181_226_48",-0.0375808455431765,0.277711835089836,0.892356367495053,0.0494616730580728,0.971719407920499,0.0124591231231971
"tg502tg160_161_181_49",-0.150658252275732,0.270481224143264,0.577526897649607,0.238427784199853,0.807526221291027,0.0928433667341815
"tg502tg160_160_182_50",-0.150658252275732,0.270481224143264,0.577526897649607,0.238427784199853,0.807526221291027,0.0928433667341815
"tg566tg180_182_204_59",-0.361087489061249,0.270630455633287,0.182123386334791,0.73963428317803,0.187169292523031,0.727765401226746
"tg588tg180_204_204_55",-0.0510592064973343,0.271448601780755,0.850799056683289,0.0701730002896063,0.770793872302695,0.113061746579772
"tg566tg160_181_225_53",-0.260822990501851,0.2812097199402,0.353665191976333,0.451407681707699,0.35664625004772,0.447762338002878
"tg566tg181_181_204_60",-0.254313563724542,0.268502972970066,0.343560503397426,0.463996769586137,0.63114514155333,0.199870756560445
"tg523tg160_181_182_54",-0.360903646886123,0.26624088787958,0.17524141951908,0.756363237536738,0.266182658570588,0.574820241620259
"tg587tg181_182_224_56",-0.451798513400085,0.273680175501042,0.0987739871099512,1.00535741515008,0.222904466658042,0.651881228848142
"tg544tg180_182_182_58",-0.373874652789966,0.276986126983624,0.177081559722371,0.751826661439994,0.319084699250083,0.496094020596765
"tg544tg181_181_182_57",-0.396975970905411,0.273560270289693,0.146739129491486,0.833454061642365,0.346979439817956,0.459696258460283
"tg512tg160_171_181_61",-0.132714348265325,0.26857113845971,0.621200458222881,0.206768232589978,0.840801884051844,0.0753063238204392
"tg512tg160_170_182_62",-0.0985128484833191,0.272238465951655,0.717454903344051,0.144205391938007,0.933931157516831,0.0296851355605491
"tg587tg180_181_226_69",-0.181452575040584,0.268379474769173,0.498974289285409,0.301921831749645,0.52701037773124,0.27818083270579
"tg565tg182_182_201_64",-0.377310759518008,0.275851751441948,0.171373854728464,0.766055434532236,0.175303097765474,0.756210409459173
"tg587tg181_181_225_70",-0.312999611566036,0.267111052889514,0.241279046852763,0.617480391441136,0.454122415996306,0.342827060302889
"tg533tg170_181_182_66",-0.3083684537005,0.274051578918064,0.26049560973885,0.584199591682148,0.439102068179999,0.357434517354629
"tg480tg160_160_160_63",-0.261329386653575,0.282778060514954,0.355408146502631,0.449272621717574,0.651493394304972,0.186089983376483
"tg533tg160_182_191_65",-0.374526434428634,0.275666878354487,0.174267149060243,0.75878447362727,0.204024096832153,0.690318535989762
"tg565tg160_181_224_68",-0.368684677615852,0.270125972500207,0.172296424702869,0.763723734437783,0.280080495895426,0.552717133303947
"tg501tg160_160_181_67",-0.15825236681711,0.276175276922277,0.566635051309757,0.24669656409095,0.84547234010256,0.0729005959164144
"tg525tg160_181_181_71",-0.205185927272064,0.267384810969434,0.442855235959859,0.353738216211357,0.739263931384067,0.131200482471488
"tg565tg180_181_204_72",-0.365341716937775,0.26941956916746,0.17508879811425,0.756741638455614,0.250562209949246,0.6010844291443
"tg543tg181_181_181_74",-0.348010261739128,0.274872938329349,0.205485572663757,0.687218664943505,0.442011385411339,0.354566543868926
"tg543tg180_181_182_73",-0.335232024091098,0.272349361323827,0.218364119824197,0.660818720557519,0.462150624877727,0.335216455413778
"tg558tg150_182_226_25",-0.422151302957278,0.290785277204272,0.146567518436497,0.833962265211881,0.32785239749965,0.484321636102815
"tg564tg181_182_201_75",-0.368325320311591,0.275857303948329,0.18181012816542,0.740381927033556,0.400011347342361,0.397927688626358
"tg531tg170_180_181_83",-0.289922904714215,0.275487944211991,0.292617080459488,0.533700327107489,0.554754202691918,0.255899398967075
"tg532tg160_181_191_76",-0.307041476257375,0.274821154560604,0.263891271654845,0.578574974065003,0.522132573711607,0.282219212091098
"tg500tg160_160_180_77",-0.261018786623234,0.285970807567852,0.361376005139744,0.442040687362691,0.654996081615186,0.183761298081488
"tg520tg160_180_180_84",-0.226918871310627,0.282131676350027,0.42122299270029,0.375487930624442,0.690289408417395,0.160968790237899
"tg521tg160_180_181_78",-0.234589943710682,0.280308922990239,0.402649971492274,0.395072327319719,0.702359055087043,0.153440814112298
"tg542tg160_181_201_80",-0.333136405900851,0.279690480897948,0.233618436205263,0.631492887474557,0.489366513546377,0.310365751942935
"tg561tg160_180_201_85",-0.340958322718668,0.278231901210308,0.220407018074468,0.656774581043076,0.468379243690941,0.329402359010055
"tg563tg180_182_201_82",-0.456352514662854,0.287322417590707,0.112219840006379,0.949930354812709,0.27096686353657,0.567083815631559
"tg562tg180_181_201_86",-0.386388412698557,0.290666249953957,0.183742471613095,0.735790446006326,0.378508491095172,0.421924373510234
"tg552tg181_181_190_79",-0.314237611244988,0.287055744498169,0.2736516187464,0.562801978507956,0.537532145763716,0.269595558741945
"X_pc322_1st",-0.15957618899075,0.270195384740417,0.554791454339952,0.255870237147395,0.83410998780779,0.0787766784407777
"X_pc332_pc150_182",-0.162111193369591,0.269311147050339,0.547209030911373,0.261846743812407,0.81784130456011,0.0873309594584457
"X_pc321_pc160_161",0.229965892883931,0.269824208554889,0.394058464372959,0.404439339415734,0.520759657619512,0.283362667204565
"X_pc322_pc140_182",-0.0740273256053038,0.269391862001998,0.783474341808954,0.105975221777715,0.658057131784374,0.181736399787886
"X_pc374_1st",-0.0899872927474413,0.280422463287411,0.748286919071828,0.125931846684727,0.944541397343431,0.0247790030742514
"X_pe341_1st",-0.222959644384973,0.279422737432213,0.424911404722757,0.371701612187279,0.461430333782682,0.335893858966614
"X_ps364_ps160_204",-0.351715885778207,0.2760818899975,0.202679388236869,0.693190415244564,0.31951805798927,0.495504592079991
"X_pc332_2nd",0.208991296663414,0.270373506833294,0.439538631399767,0.357002948425396,0.580401058513614,0.236271804183643
"X_pc384_1st",-0.112728775605169,0.275599175928242,0.682516461306353,0.165886869608377,0.853649455853627,0.0687204321705774
"X_pc321_2nd",0.270437885313869,0.274618629105371,0.324734022064739,0.488472208383732,0.514385049219229,0.288711662820905
"X_pc361_1st",-0.0548167211543923,0.276368501446638,0.842773983379335,0.0742888796244381,0.771762055277572,0.112516577913718
"X_pe341_pe160_181",-0.323641948134369,0.274868132749366,0.239018170578251,0.621569081972777,0.456019820000344,0.3410162811739
"X_pc332_3rd",0.398088411698673,0.269107326780081,0.139062194714607,0.856790920751342,0.324169753393243,0.48922750937404
"X_pc374_pc170_204",0.0461190625425486,0.281970214623985,0.870077496173498,0.0604420638622679,0.637793886359527,0.195319648048605
"X_pc384_pc180_224",-0.0562135219117105,0.270972165364456,0.835657439719399,0.0779717160160205,0.941637130561001,0.026116424761248
"X_pc361_pc180_181",0.0485340095978738,0.271022506595562,0.857876916395377,0.0665750179377777,0.612245765461945,0.213074209948239
"X_pc361_3rd",-0.0681379375203595,0.279706299560448,0.807536521741123,0.0928378270996905,0.933754053086139,0.0297675000583393
"tg5892nd_39",-0.264210462134914,0.278238209665115,0.342323835854092,0.465562860080644,0.425550627993109,0.371048764251414
"tg5682nd_28",-0.0244121310518345,0.280457291575192,0.930636519262416,0.0312199092463775,0.968053057336964,0.0141008390994614
"tg5881st_43",-0.127008477407932,0.27233520753843,0.640951977749798,0.193174508046775,0.72291349234729,0.140913669571341
"tg5641st_75",-0.5146544747196,0.277165489931337,0.0633326340259928,1.19837244914045,0.127661455177208,0.893940209476714
"tg5321st_76",-0.327044179828788,0.270257829449349,0.226233168846609,0.645443721289369,0.344702138101365,0.462556022763376
"tg5201st_84",-0.234523102053217,0.266110002369109,0.378154740247383,0.42233045126317,0.669849782641418,0.174022579216217
"tg5001st_77",-0.186814256481991,0.276372646246508,0.499072008921409,0.3018367874007,0.789743082505952,0.102514169465423
"tg5211st_78",-0.221286324470563,0.264804354415658,0.403346379086843,0.394321837443373,0.701011883745479,0.154274619691915
"tg5583rd_25",-0.28262178217308,0.284874980071293,0.321153344790556,0.493287550478412,0.590465837404268,0.228805224309581
"tg5312nd_83",-0.241844816374613,0.283776700127114,0.394082930656188,0.404412375797607,0.655060107183686,0.183718848068489
"tg5203rd_84",-0.262600344632794,0.292433063988812,0.369193838745294,0.432745555265973,0.650800600241229,0.186552055179965
"anandamide",0.008474816281388,0.275015594720644,0.975416466743976,0.0108099170285626,0.426727309169016,0.369849562807683
"atorvastatin",0.255813118665309,0.334179837360333,0.443976621679357,0.35263989777493,0.175818826730209,0.754934622394989
"cotinine",0.0144235587575197,0.285470784653271,0.959703616372965,0.0178628686766262,0.853410116151456,0.0688422134069664
"c26_carnitine",0.126768340859976,0.279449376466475,0.650090725858834,0.187026029525913,0.832826604341183,0.0794454098975896
"c18_1_carnitine",0.361416155346353,0.303547439247979,0.233794382288651,0.63116592846225,0.343431344934095,0.46416006936535
"c18_carnitine",0.265303215382917,0.300757449789128,0.377713618966557,0.422837355825391,0.530179132844551,0.275577369527871
"c18_2_carnitine",0.282141254072736,0.293738384665026,0.336794150976377,0.472635459395492,0.190734325814097,0.719571141405271
"c16_carnitine",0.368846819228242,0.294389011707716,0.210233661967225,0.677297744843637,0.275144763072551,0.560438748854415
"c16_1_carnitine",0.273617619666095,0.300441481943341,0.362443707119312,0.440759436226502,0.313345161961763,0.50397700640371
"c16_2_carnitine",0.194822029205334,0.293649520817878,0.507041837000261,0.294956204712564,0.139395021214551,0.855752737698994
"c14_carnitine",0.056887721437479,0.283410310277216,0.840913094666772,0.0752488846502182,0.60196632540631,0.220427802927013
"c14_1_carnitine",0.0871705047317086,0.283934067257681,0.758836010662187,0.119852067792876,0.287092574225058,0.541978040574857
"c14_2_carnitine",0.10582093242505,0.289590230160094,0.71480082511818,0.145814954845652,0.162048853175014,0.790354038137019
"c12_carnitine",0.115434767800361,0.287820691798713,0.688372365674141,0.162176572505029,0.399373093737654,0.398621197439481
"c12_1_carnitine",0.210988981713623,0.295525554835362,0.475261211796953,0.323067628983058,0.575113645673881,0.240246327810792
"c10_carnitine",-0.0471187758266095,0.277425594490892,0.865133664116232,0.0629167883692738,0.927957003654681,0.032472146095912
"c9_carnitine",0.0694445979131005,0.303433555337042,0.818975695848739,0.0867289862925697,0.713572298114656,0.146562018230401
"thyroxine",-0.0980669175122316,0.286613425317815,0.732232407965487,0.135351053535461,0.937026409591811,0.0282481685803541
"c8_carnitine",0.0349774311126252,0.275615547317328,0.899014325434422,0.0462333879024198,0.906277056214768,0.0427390146947439
"guanosine",-0.415646299629586,0.276472701343253,0.132738498971489,0.877003097738765,0.248065560452399,0.605433525706373
"c7_carnitine",-0.289735038814226,0.285288008612761,0.309825687205992,0.508882578347798,0.590611062322645,0.22869842282863
"uridine",0.151568482190184,0.272276393814947,0.57775195872535,0.238258573478158,0.764516937337529,0.116612888654872
"c6_carnitine",-0.204550452383593,0.281932189803944,0.468126532442732,0.329636743262823,0.618727690613293,0.208500447077711
"X_2_aminooctanoate",-0.0139134413289976,0.261791126453997,0.957614697531973,0.0188091969708507,0.965517064675194,0.015240046039139
"uridine_monophosphate",-0.344734527999637,0.267255239111529,0.197082788572873,0.70535130141416,0.345432773770557,0.461636460073524
"cytidine",-0.56835762885605,0.282429285417288,0.0441789316159961,1.35478479092922,0.0934725984905832,1.02931568397728
"cystamine",0.459731028280535,0.27199586817095,0.0909871587788403,1.04101989630539,0.204419234678203,0.689478241993374
"c5_valeryl_carnitine",-0.362639374215083,0.286500475198703,0.205600853964609,0.686975085827796,0.413933447240677,0.383069479699333
"isoleucine",-0.189020979467601,0.269078106364314,0.482382207108738,0.316608719725708,0.715230531518059,0.145553954801063
"tryptophan",0.542133287676608,0.284807836523638,0.0569746146892722,1.24431860320575,0.0924137822034465,1.03426325509424
"phenylalanine",0.297650577566669,0.281472605954249,0.290294317786911,0.537161464953519,0.57164452310592,0.242873953103266
"c4_butyryl_carnitine",0.00209767389304748,0.272148582681371,0.993850105615388,0.0026791117928116,0.993207733733427,0.00295990741723632
"dmgv",-0.321191872585043,0.284699176572075,0.259243974512876,0.586291328926268,0.383549051092425,0.41617908736938
"c3_carnitine",0.0587141657676419,0.27687689438448,0.832061207181367,0.0798447254359582,0.960250013421401,0.0176156780926583
"methionine",0.135348305314275,0.291950785079685,0.642934547401427,0.191833237261232,0.896867914413327,0.0472715126586371
"guanine",0.106180834625363,0.290876617278237,0.715083512864048,0.145643235040811,0.916997930889502,0.0376316442692214
"hydroxy_lysine",-0.0633779742216348,0.271129836293197,0.815175131153517,0.0887490779804612,0.958146546895125,0.018568061234102
"tyrosine",0.425144329416476,0.288865587828169,0.141082414603619,0.850527116058319,0.334379573480277,0.475760260526542
"betaine",0.185788625199044,0.285100674600019,0.514620714138227,0.288512736868626,0.615992337183511,0.210424690334952
"methyl_cysteine",0.576793641022719,0.295785233579841,0.0511711082313088,1.29097517725242,0.117355665668216,0.930495938796141
"homocysteine",0.515006549919623,0.29160857910947,0.0773810071890151,1.11136562181321,0.110976529396005,0.954768861137749
"folate",0.294430992735572,0.276351761555118,0.286685420863311,0.542594392158529,0.100973633582692,0.995792015172206
"c4_methylmalonyl_carnitine",0.259225089934311,0.268273550122835,0.333908335300366,0.476372739586626,0.340945027543195,0.467315639069764
"valine",0.124363419753923,0.26938663297654,0.644329455245446,0.190892014613362,0.754026014130697,0.122613670577809
"taurine",0.321055046104032,0.264340233867197,0.224536880854248,0.648712314634007,0.403416678200466,0.39424615099013
"hydroxy_tyrosine",0.161510980084833,0.270757638139369,0.550831266878646,0.2589814158235,0.745882938831565,0.127329326694495
"leucine",-0.317375177240572,0.292033424850372,0.277135423398204,0.557307959229943,0.44155739640227,0.35501283609403
"acetyl_carnitine",-0.0370343363212586,0.279975244313034,0.894765054968859,0.0482909856064183,0.98223024351973,0.00778669778380954
"dimethylglycine",-0.111979154709725,0.285472308652615,0.694866666942389,0.158098521116921,0.5139049959941,0.289117160244147
"c3_malonyl_carnitine",-0.278158706590627,0.283133171833738,0.325887731770443,0.486931988490629,0.195871962782996,0.708027724699802
"acetyl_glutamate",-0.471300726278094,0.28718128688916,0.100771226764603,0.996663454410247,0.258819044366972,0.587003770664901
"fad",-0.0205162290169415,0.274861118308456,0.940499424650206,0.0266414657928339,0.791143240959098,0.101744877910471
"acetyl_glutamine",-0.414539424089971,0.280769884714283,0.139826255086989,0.854411273734688,0.209354058805868,0.679118614902178
"proline",-0.426132933352147,0.282414008734501,0.131325755690093,0.881650091449329,0.0975599060100097,1.01072862676087
"glutathione__gsh_",0.00977018511201743,0.27949928585584,0.972114803286366,0.0122824434177522,0.695454927572013,0.15773101138159
"aspartic_acid__aspartate_",0.101154215238805,0.285062446960317,0.722702478135128,0.141040456090675,0.825460240320608,0.0833038404208271
"acetyl_neuraminic_acid",0.00787989307086763,0.284462805982465,0.977900657297896,0.00970526195955247,0.495687808549232,0.304791762444266
"acetyl_lysine__epsilon_",0.0966557845927894,0.291474307690267,0.740183794989808,0.130660427243534,0.433679981595303,0.362830624158237
"threonine",0.108978877912673,0.288532729554457,0.705653297958398,0.151408624396842,0.351414060209376,0.454180866206724
"X_3_aminoisobutyric_acid_baiba",0.119859692066435,0.280554133496841,0.669215577521313,0.174433958395822,0.46534678876535,0.332223278691707
"alanine",0.198538971079931,0.277729338051686,0.474692492945239,0.323587636405166,0.50992197331285,0.292496273219998
"sarcosine",0.361123671697558,0.279366437174383,0.196131337170605,0.70745301075358,0.140823078099331,0.851326167140728
"trimethyamine_n_oxide__tmao_",-0.570482235802192,0.280127999636623,0.0416996128460367,1.37986797715119,0.125515854742748,0.90130141209223
"creatinine",0.265615286573173,0.28488685444422,0.35115381173837,0.454502613000347,0.542948036160571,0.265241733373631
"acetyl_alanine",0.199237763698415,0.288123209069118,0.489250149628711,0.310469032848472,0.724550664690719,0.139931240798345
"creatine",0.19484152575607,0.281237671877595,0.488434923411099,0.311193291282254,0.681475773073709,0.166549579018485
"X_5_aminolevulinic_acid",-0.078153736476718,0.280371406257055,0.780436121628306,0.107662637969463,0.961572218682692,0.0170180926032922
"methyl_histidine",-0.0950586445610008,0.270716915330625,0.725485795331001,0.139371086423704,0.481939410422903,0.317007557970713
"asparagine",0.0379517237715343,0.292807407258535,0.89687240863943,0.0472693364042798,0.521779482053859,0.282513002671572
"carnitine",-0.017655157900072,0.273376229357927,0.948506891687578,0.0229595092550103,0.947864868724208,0.0232535729472884
"glutamine_unc",0.0666547776139429,0.276550631727825,0.809538090051269,0.0917627121855859,0.679188771551338,0.168009502525003
"glutamine",0.335158532651239,0.285357567664995,0.240186297635785,0.619451772249139,0.500789274354065,0.300344981192847
"serine",-0.130147594089712,0.271547730347042,0.631738929943494,0.199462359549048,0.747268071316623,0.126523573541019
"beta_alanine",0.32079585332533,0.27901840870127,0.250255067118532,0.601617120244893,0.302169339707814,0.519749604428613
"glycine",0.00509844899856497,0.271276088746101,0.985005186835494,0.00656148259060901,0.985652454021579,0.00627619247068741
"X_5_adenosyl_homocysteine__sah_",-0.553783871871684,0.284950005593861,0.0519627500631049,1.28430787250227,0.150851643885673,0.821449952797004
"histidine",0.445947800304544,0.292600958299081,0.127488274160071,0.89452975798894,0.279019267751245,0.554365805367569
"cystine",0.17834587997038,0.289784495598982,0.538262108809365,0.269006191453499,0.558512718157363,0.252966932910639
"citicholine",-0.127672162083569,0.289441278011416,0.659141568049042,0.181021299185087,0.433720265676946,0.362790284869809
"guanosine_monophosphate__gmp_",0.014284961247924,0.280182347592611,0.95933785932894,0.0180284161854968,0.346852720254856,0.459854895118491
"citidine_monophosphate__cmp_",-0.414156586153099,0.270840123420475,0.126225970915586,0.898851280076647,0.247955526523424,0.605626207550813
"a_glycerophosphocholine",0.0983187466575885,0.279052808752261,0.724590602438646,0.139907302837372,0.901928145174645,0.0448280604593698
"glutathione_disulfide__gssg_",0.420734568834289,0.286132733625408,0.141448724066667,0.849400965727704,0.301413178613137,0.520837763057083
"anserine",-0.279545152701807,0.268921284747917,0.298569704692476,0.524954261421359,0.125653868217475,0.900824137237376
"cystathione",-0.278841499490583,0.274172838267384,0.309140029531985,0.509844755922565,0.596090844299425,0.224687548696901
"phosphoethanolamine",-0.01891516388855,0.268425369254382,0.943821866405954,0.0251099651691264,0.841872284894213,0.0747537875652927
"phosphocholine",-0.139649771129854,0.281146407263587,0.619389708369479,0.208036015052009,0.372483218417388,0.428893288856363
"choline",0.165733918485812,0.274544540386031,0.54606399392154,0.262756458799961,0.099530369523129,1.00204438353677
"acetyl_lysine__alpha_",0.0949948856271578,0.28800703931564,0.74152441983211,0.12987454224355,0.657685693711973,0.181981605015492
"adenosyl_methyonine__sam_",-0.197000872813442,0.274785236369499,0.473419326015639,0.324754017191404,0.254674908570141,0.594013841083975
"ornithine",-0.0927589620596794,0.275193268394856,0.736065317832482,0.133083645016387,0.837338035026937,0.0770991810631167
"citrulline",-0.569179970163117,0.289112212449356,0.0489856605740934,1.3099310310927,0.104728814276714,0.979933813452651
"monomethylarginine__nmma_",-0.0482292969050893,0.291825971674397,0.868733578162772,0.0611133918760148,0.264616739489155,0.577382686082677
"arginine",0.173023636823205,0.275850020855164,0.530503186679138,0.275312002991653,0.791016878959617,0.101814249295229
"glutamic_acid__glutamate_",-0.305514827137922,0.296358630222198,0.302589749775186,0.519145787784985,0.583932898069649,0.233637056436266
"lysine",0.0523266192985762,0.285867386236313,0.854762645425713,0.068154465497165,0.70456278628562,0.152080299187156
"adma_sdma",0.25115048427032,0.282055730238218,0.373235800137407,0.428016706146212,0.180580898519634,0.743328190380503
"X_1_5_ag___1_deoxyglucose",0.573653113839501,0.284802390440176,0.0439870145237479,1.35667551335529,0.0123490850986808,1.90836521659968
"X_2_aminoadipic_acid__aaa_",-0.433739539281793,0.277920504590083,0.118603888008254,0.92590107393252,0.119969363334277,0.920929645899206
"X_2_deoxyuridine",-0.25625890171114,0.289911540098475,0.376738854012712,0.423959587619515,0.676528089583096,0.169714166697285
"X_2_hydroxybutyric_acid__ahb_",-0.424318883594974,0.287899969478651,0.140524308398002,0.85224854344595,0.271787633589703,0.565770307669509
"X_2_hydroxyglutaric_acid",0.345674251262594,0.287421667516915,0.229102923727374,0.639969368468556,0.484286749434064,0.3148974135188
"X_2_ketoisovaleric_acid__kiv_",-0.0777646904841953,0.276184532200247,0.778274879713157,0.108866986996972,0.960799955628448,0.0173670256616872
"X_3_hydroxybutyric_acid__bhb_",-0.345586990162895,0.28502496204949,0.22532879565877,0.647183304518556,0.10577581987605,0.975613599735602
"s1p_",-0.237908496549986,0.28643431007641,0.406207213507352,0.391252368576161,0.694372418055682,0.158407538586351
"acetoacetic_acid",-0.346555754493493,0.283423668459859,0.221424850320138,0.654773640226591,0.433227501992114,0.363283981445847
"aconitic_acid",-0.410407154579298,0.269672723494469,0.128041353706064,0.892649742963034,0.296626421417774,0.527790167653942
"adp",-0.128797889815998,0.277901703977805,0.643030641447272,0.191768331750112,0.632021795379028,0.199267944740354
"a_ketoglutaric_acid",-0.135676287744957,0.281468077274756,0.629784053356894,0.200808340248832,0.888426212441217,0.0513786363565233
"allantoin",0.271846404737974,0.270061452063238,0.31412250030762,0.502900954370482,0.501516255098658,0.2997149861027
"amp",-0.0892423704792773,0.27685009781793,0.747188265798795,0.126569957092268,0.394669214894751,0.40376674825044
"anthranilic_acid",-0.0794877695726759,0.272492226824518,0.770510994633653,0.11322115983374,0.497302872044891,0.303379032604401
"arachidonoylglycerol_acetate",0.225293528854,0.297495975319875,0.448870499736909,0.347878935971635,0.676308223752197,0.1698553316217
"atp",0.300488209359351,0.280925407438356,0.284782735042077,0.54548634334711,0.427742837751753,0.368817253676829
"beta_isovaleric_acid",-0.0880048342828046,0.276218199612031,0.750025142215073,0.12492417801863,0.872089468474261,0.0594389581047167
"bilirubin",0.288437596181634,0.276828241651533,0.297440874116099,0.526599351270265,0.210692694625854,0.676350522477721
"citric_acid_isocitric_acid",-0.24025185271101,0.279732818680648,0.39041672640534,0.4084715843713,0.579464075656218,0.236973483303287
"cyclic_amp",-0.0866043540245228,0.281585189155264,0.758417125249261,0.120091869080743,0.665236640928143,0.177023838053455
"deoxycholic_acid",0.160954768602502,0.268933136604473,0.549510609396287,0.260023918239974,0.73997300038919,0.130784126209438
"d_gluconic_acid",-0.459021860831135,0.287808506940572,0.110737651264694,0.955704692072057,0.0662417513155243,1.1788681940883
"fumaric_acid",0.324063082453134,0.273481549053793,0.236035595956037,0.627022497192818,0.494633945096753,0.305716082753649
"glucose",-0.452789615685009,0.280647789489131,0.106663457044945,0.971984344605772,0.144460425036845,0.84025111167644
"glyceric_acid",0.0104810679810501,0.283654494610693,0.970524775996963,0.0129933732674581,0.991915804651928,0.00352518986890284
"glycerol_3_phosphate",0.392607903626087,0.288989071899058,0.17428725343226,0.758734374028607,0.375816263261661,0.425024429951379
"glycochenodeoxycholic_acid",-0.101539312080122,0.271396109978342,0.70830243158369,0.149781267277474,0.918842530511623,0.0367589108006673
"glycocholic_acid",-0.194886577239729,0.269707152868094,0.469934352914619,0.327962806230651,0.732501469120657,0.135191499942652
"hippuric_acid",0.146178891038665,0.27354708496795,0.593076630948984,0.226889188173465,0.847778655807094,0.0717175216931201
"homogentisic_acid",0.0560197811559999,0.280749045745395,0.841842818149274,0.0747689887649547,0.582862025232252,0.23443423901805
"hydroxyphenylpyruvic_acid",-0.0374983681122384,0.294325394460122,0.898620285990375,0.0464237816096339,0.174971730788689,0.757032112194866
"hypoxanthine",-0.4451395308443,0.274164613890819,0.104456637967787,0.981063956438287,0.164068702388767,0.784974256705643
"indole_3_carboxylic_acid",-0.262236250647246,0.273160612309135,0.337051414255898,0.472303846236972,0.279420720863326,0.553741391267904
"indole_3_lactic_acid",0.0538562219828708,0.281549822629107,0.848302412096156,0.0714492981067165,0.718194414948802,0.143757976495308
"indole_3_propanoic_acid",-0.000501542465457988,0.274910602344808,0.998544353093787,0.000632639980973488,0.997990105388234,0.000873764520837915
"indoxyl_sulfate",-0.284661987544882,0.291256753510634,0.328392170089152,0.483607206386987,0.49738916481334,0.303303679687375
"inosine",-0.277359873949892,0.284525613269797,0.329651968467947,0.481944326587304,0.620687511247771,0.207126992895164
"keto_isocaproic_acid__kic_",-0.202324712149386,0.293226014495286,0.490196842096266,0.309629490849309,0.515776718644359,0.287538265130379
"kynurenic_acid",-0.224942926285237,0.276090616826475,0.415219374409472,0.381722390220256,0.705011255198726,0.15180394963033
"kynurenine",0.029970894991601,0.273977307327143,0.912891667361055,0.0395807570317437,0.657205701706557,0.182298677420552
"lactic_acid",0.0965163191983213,0.279902205701826,0.73022851282354,0.136541213401947,0.910299755420373,0.0408155739551719
"maleic_acid",-0.185601228482338,0.27838556350253,0.504960168164872,0.296742878175309,0.80069315491722,0.0965338842371618
"malic_acid",0.400509617366877,0.289729896589032,0.166862677135049,0.777640792900992,0.38279235878529,0.417036740097141
"malonic_acid",0.050578177655885,0.292124775977445,0.862542207765338,0.064219643905614,0.594926921906128,0.225536377737124
"orotic_acid",0.645744613511044,0.294433889462517,0.0282948786975028,1.54829216358121,0.0791308104928566,1.10165438601301
"oxalic_acid",0.102365160656206,0.284379438977903,0.718877210190498,0.143345284152262,0.891147352977795,0.050050478573629
"oxaloacetic_acid",0.162099147891622,0.287781878259457,0.57325045329784,0.241655593179493,0.0847730934616181,1.07174196867945
"pantothenic_acid",-0.251827050781463,0.272903390658926,0.356127098881415,0.448394978173862,0.209283762107138,0.679264466361918
"phosphocreatine__pcr_",0.287601408729805,0.283837721560507,0.310935989850657,0.507329006844111,0.154710952981935,0.810478938716742
"pseudouridine",-0.138713669712868,0.292594678405384,0.635441922826074,0.196924136296053,0.314004155077928,0.50306460506221
"pyroglutamic_acid",-0.12816311762987,0.262924227874495,0.625937574042601,0.203468977653323,0.28882238172174,0.539369155002636
"pyruvic_acid",-0.0330844515438816,0.285983337470766,0.907900894512413,0.041961556011352,0.891804949801809,0.0497301215068798
"salicylic_acid",-0.242065089483714,0.289401852292331,0.402911684662776,0.394790137647654,0.646278698766168,0.189580158112241
"simvastatin",-0.0796655395362748,0.27561786489964,0.772548124891878,0.112074457244241,0.607988007868744,0.216104986792715
"succinic_acid",0.235720327935705,0.287532839074514,0.412328333587297,0.384756821158316,0.714450529357191,0.146027837651188
"taurocholic_acid",-0.163911980717837,0.263251952485085,0.533519159273087,0.272849979956151,0.582106153299391,0.234997809871885
"taurodeoxycholic_acid",0.106579367278064,0.272929571950605,0.696165854590765,0.157287281721762,0.585274644766105,0.23264028995841
"udp_glcnac",-0.40863154815166,0.281554550260228,0.146685042945994,0.833614167664465,0.180133554610645,0.744405380878979
"udp_glucose____galactose",-0.480884994336022,0.301963414074206,0.111266263745642,0.953636495054933,0.235156449243924,0.628643106083793
"uracil",-0.493265700869488,0.288083173723511,0.0868536205500109,1.06121207298985,0.230334210136047,0.637641554133356
"uric_acid",-0.241377049580395,0.280986348815617,0.390321321435072,0.408577724586842,0.430247668377375,0.366281474547372
"warfarin",-0.705390899775494,0.398170393846785,0.0764642213588064,1.11654172956798,0.000466707691938498,3.33095504132844
"xanthine",0.0245731296602654,0.280391320372082,0.930163845604445,0.0314405450219165,0.864016748272095,0.0634778389890994
"xanthosine",-0.42851820833871,0.28288898726761,0.129824877931933,0.886642077078855,0.317208610837369,0.498655031983703
"xanthurenic_acid",0.151078407516619,0.277318236544829,0.585902408308114,0.232174716853765,0.600800649099035,0.221269606796203
