"metabolite","apoe4","estimate","std_err","lower_ci","upper_ci"
"s1p_",0,-0.592343274287225,0.208821897774336,-1.00163419392492,-0.183052354649526
"s1p_",1,-0.014024301588074,0.337170653627546,-0.674878782698064,0.646830179521916
"anandamide",0,-0.11852724978646,0.207150126627565,-0.524541497976487,0.287486998403566
"anandamide",1,-0.539958159197952,0.341553192585348,-1.20940241666523,0.12948609826933
"atorvastatin",0,-0.0493023079543444,0.313450412506117,-0.663665116466334,0.565060500557645
"atorvastatin",1,0.251415604888508,0.466695172848455,-0.663306933894465,1.16613814367148
"cotinine",0,-0.12868244986433,0.211620896430073,-0.543459406867272,0.286094507138613
"cotinine",1,-0.129854636527824,0.356688699461175,-0.828964487471727,0.569255214416079
"c26_carnitine",0,-0.198459869495281,0.214072986219874,-0.618042922486234,0.221123183495672
"c26_carnitine",1,-0.156490479336537,0.338100404166567,-0.819167271503008,0.506186312829935
"c18_1_carnitine",0,-0.485103399860608,0.209168519425639,-0.89507369793486,-0.0751331017863557
"c18_1_carnitine",1,-0.407339782348755,0.346136766820621,-1.08576784531717,0.271088280619661
"c18_carnitine",0,-0.530425040113922,0.211606248628499,-0.945173287425781,-0.115676792802064
"c18_carnitine",1,-0.290745918612641,0.35709915865622,-0.990660269578833,0.409168432353551
"c18_2_carnitine",0,-0.542027698195225,0.21467103270601,-0.962782922299005,-0.121272474091444
"c18_2_carnitine",1,-0.350681800673002,0.350894286456318,-1.03843460212738,0.337071000781381
"c16_carnitine",0,-0.366951382572979,0.21308660150801,-0.784601121528678,0.0506983563827204
"c16_carnitine",1,-0.364459270924278,0.341002060144652,-1.0328233088078,0.30390476695924
"c16_1_carnitine",0,-0.359178177752684,0.216225603795696,-0.782980361192248,0.0646240056868805
"c16_1_carnitine",1,0.0861792035806843,0.350428484455171,-0.600660625951451,0.77301903311282
"c16_2_carnitine",0,-0.252853609709919,0.210687723423603,-0.665801547620182,0.160094328200343
"c16_2_carnitine",1,0.248871179255162,0.335352410743777,-0.408419545802641,0.906161904312966
"c14_carnitine",0,-0.293071569110701,0.208282977706594,-0.701306205415626,0.115163067194224
"c14_carnitine",1,0.209811893210393,0.354516313517353,-0.485040081283619,0.904663867704405
"c14_1_carnitine",0,-0.306040003840006,0.20960621830151,-0.716868191710965,0.104788184030953
"c14_1_carnitine",1,0.220753040725092,0.344196606513555,-0.453872308041475,0.89537838949166
"c14_2_carnitine",0,-0.294883773300094,0.206284985757315,-0.699202345384431,0.109434798784243
"c14_2_carnitine",1,0.262273679627291,0.339374057416806,-0.402899472909649,0.92744683216423
"c12_carnitine",0,-0.289281735166569,0.208144840324618,-0.69724562220282,0.118682151869682
"c12_carnitine",1,0.26327559287298,0.343119823335008,-0.409239260863635,0.935790446609594
"c12_1_carnitine",0,-0.103306546776943,0.20491328815081,-0.50493659155253,0.298323497998645
"c12_1_carnitine",1,0.0738462667860402,0.338101431078558,-0.588832538127934,0.736525071700015
"c10_carnitine",0,-0.0405633873793075,0.20083136347762,-0.434192859795444,0.353066085036829
"c10_carnitine",1,0.349394191839683,0.347803176749049,-0.332300034588453,1.03108841826782
"c9_carnitine",0,-0.220519713907863,0.208389342375425,-0.628962824963696,0.18792339714797
"c9_carnitine",1,-0.0848601122398701,0.324040103999681,-0.719978716079245,0.550258491599505
"thyroxine",0,-0.28884816193384,0.20541332668591,-0.691458282238224,0.113761958370544
"thyroxine",1,-0.174118298767137,0.33473763548243,-0.830204064312699,0.481967466778426
"c8_carnitine",0,-0.00761491192397829,0.203357430904524,-0.406195476496846,0.390965652648889
"c8_carnitine",1,0.198901200630399,0.335791950638371,-0.459251022620809,0.857053423881606
"guanosine",0,-0.245384905793953,0.201980323224323,-0.641266339313626,0.15049652772572
"guanosine",1,-0.124253557124267,0.366233589569352,-0.842071392680197,0.593564278431663
"c7_carnitine",0,-0.232655354985787,0.19889417386684,-0.622487935764794,0.15717722579322
"c7_carnitine",1,-0.199553694216949,0.342451003166978,-0.870757660424226,0.471650271990328
"uridine",0,-0.0341976289138123,0.206307316773439,-0.438559969789753,0.370164711962128
"uridine",1,-0.000133234999322294,0.330572827361866,-0.64805597662858,0.647789506629935
"c6_carnitine",0,-0.100418508846374,0.202575967104548,-0.497467404371287,0.296630386678539
"c6_carnitine",1,0.0288532308941266,0.352541889158942,-0.6621288718574,0.719835333645653
"X_2_aminooctanoate",0,0.154679937744187,0.204861400870262,-0.246848407961527,0.556208283449902
"X_2_aminooctanoate",1,0.217188922742394,0.348716720928613,-0.466295850277689,0.900673695762476
"uridine_monophosphate",0,-0.254781871405424,0.212385489418352,-0.671057430665394,0.161493687854546
"uridine_monophosphate",1,-0.369129725096442,0.322817479826489,-1.00185198555636,0.263592535363476
"cytidine",0,0.0271339176712023,0.213635451422285,-0.391591567116477,0.445859402458882
"cytidine",1,-0.374262177231129,0.323507430486207,-1.00833674098409,0.259812386521836
"cystamine",0,0.534018676360217,0.204859783685505,0.132493500336627,0.935543852383806
"cystamine",1,-0.219644795183223,0.35689910401048,-0.919167039043764,0.479877448677317
"c5_valeryl_carnitine",0,0.0500680469929514,0.194213476897858,-0.33059036772685,0.430726461712753
"c5_valeryl_carnitine",1,-0.052143204136001,0.367169705219895,-0.771795826366995,0.667509418094993
"isoleucine",0,0.449792339851501,0.209215748163369,0.0397294734512983,0.859855206251704
"isoleucine",1,-0.688509327942905,0.360127408354578,-1.39435904831788,0.0173403924320678
"tryptophan",0,0.0632926035432037,0.210791215219701,-0.349858178287411,0.476443385373818
"tryptophan",1,-0.333625740753528,0.347737306843735,-1.01519086216725,0.347939380660193
"phenylalanine",0,0.0970142690217647,0.200398052160073,-0.295765913211978,0.489794451255508
"phenylalanine",1,-0.428791340416921,0.353341053737119,-1.12133980574167,0.263757124907832
"c4_butyryl_carnitine",0,-0.257538349510723,0.198982813988486,-0.647544664928156,0.13246796590671
"c4_butyryl_carnitine",1,-0.073339820142852,0.353063911983725,-0.765345087630953,0.618665447345249
"dmgv",0,-0.248988789963813,0.20926742687591,-0.659152946640598,0.161175366712971
"dmgv",1,0.126221140739414,0.336200880021203,-0.532732584102143,0.785174865580972
"c3_carnitine",0,0.124903418067999,0.202220620027019,-0.271448997184958,0.521255833320956
"c3_carnitine",1,-0.226375386406815,0.340920386198693,-0.894579343356253,0.441828570542624
"methionine",0,0.442628417507263,0.211622660510194,0.0278480029072819,0.857408832107244
"methionine",1,0.307703521377901,0.36807526693964,-0.413724001823795,1.0291310445796
"guanine",0,0.34091156234149,0.208556583265257,-0.0678593408584133,0.749682465541393
"guanine",1,0.28383857704993,0.373748190215409,-0.448707875772271,1.01638502987213
"hydroxy_lysine",0,0.0257255622785681,0.215250163172527,-0.396164757539586,0.447615882096722
"hydroxy_lysine",1,-0.137335367719048,0.321788352346408,-0.768040538318008,0.493369802879913
"tyrosine",0,0.160332132882169,0.208791372232468,-0.248898956693467,0.569563222457806
"tyrosine",1,0.123420935776758,0.315926359201057,-0.495794728257314,0.742636599810829
"betaine",0,-0.00860237925810646,0.199879521170861,-0.400366240752993,0.38316148223678
"betaine",1,0.154825374793049,0.34062453662499,-0.512798716991932,0.822449466578029
"methyl_cysteine",0,-0.111703122347553,0.204864593466337,-0.513237725541573,0.289831480846467
"methyl_cysteine",1,0.423148225653202,0.328963986159755,-0.221621187219918,1.06791763852632
"homocysteine",0,-0.369149844389332,0.211665277300048,-0.784013787897427,0.0457140991187626
"homocysteine",1,0.749575218953347,0.343921739264743,0.075488609994451,1.42366182791224
"folate",0,-0.159195732710767,0.203393799250641,-0.557847579242023,0.239456113820488
"folate",1,0.258415089471266,0.370525387047583,-0.467814669141997,0.984644848084529
"c4_methylmalonyl_carnitine",0,0.222436311959841,0.199686546642679,-0.168949319459809,0.613821943379491
"c4_methylmalonyl_carnitine",1,0.0421066168799817,0.339040763211224,-0.622413279014018,0.706626512773981
"valine",0,0.351455614552462,0.212177160041412,-0.0644116191287056,0.76732284823363
"valine",1,-0.276914928799239,0.349318938994389,-0.961580049228242,0.407750191629764
"taurine",0,0.00585477453127435,0.212446448019179,-0.410540263586316,0.422249812648864
"taurine",1,0.00357396672851452,0.340022898328551,-0.662870913995446,0.670018847452475
"hydroxy_tyrosine",0,0.00121884353160989,0.205224003074113,-0.401020202493651,0.403457889556871
"hydroxy_tyrosine",1,-0.324622380766843,0.361154792478531,-1.03248577402476,0.383241012491079
"leucine",0,0.571145726026696,0.211795816124754,0.156025926422178,0.986265525631214
"leucine",1,-0.11480108245937,0.34377699809045,-0.788603998716652,0.559001833797912
"acetyl_carnitine",0,-0.0889801309979794,0.203087006852475,-0.48703066442883,0.309070402432871
"acetyl_carnitine",1,-0.579614091250033,0.358339019804744,-1.28195857006733,0.122730387567264
"dimethylglycine",0,0.00932770536151824,0.215257005172224,-0.412576024776042,0.431231435499078
"dimethylglycine",1,-0.028652407726963,0.339087205942042,-0.693263331373365,0.635958515919439
"c3_malonyl_carnitine",0,0.0673466425512154,0.216435752316518,-0.35686743198916,0.491560717091591
"c3_malonyl_carnitine",1,-0.00694899101461939,0.334353404182007,-0.662281663211353,0.648383681182114
"acetyl_glutamate",0,0.205676684014147,0.204698040957706,-0.195531476262958,0.606884844291252
"acetyl_glutamate",1,0.358058561611774,0.356109680643269,-0.339916412449033,1.05603353567258
"fad",0,0.0777091047907961,0.201795275590545,-0.317809635366671,0.473227844948263
"fad",1,-0.0590105940089964,0.354858384494616,-0.754533027618444,0.636511839600451
"acetyl_glutamine",0,0.181259453560535,0.201076631080486,-0.212850743357217,0.575369650478287
"acetyl_glutamine",1,-0.167360724561489,0.361909465983683,-0.876703277889508,0.541981828766529
"proline",0,-0.0765634248383372,0.20602863085623,-0.480379541316548,0.327252691639874
"proline",1,-0.0354226174411237,0.338517994645775,-0.698917886946842,0.628072652064595
"glutathione__gsh_",0,-0.125985316097056,0.192469595357997,-0.50322572299873,0.251255090804618
"glutathione__gsh_",1,-0.183312282158155,0.387691338512244,-0.943187305642153,0.576562741325843
"aspartic_acid__aspartate_",0,0.0894572523051057,0.201133618436199,-0.304764639829845,0.483679144440056
"aspartic_acid__aspartate_",1,-0.383108431616111,0.335412266688109,-1.0405164743248,0.274299611092582
"acetyl_neuraminic_acid",0,0.373694264119279,0.214202843266435,-0.0461433086829327,0.793531836921492
"acetyl_neuraminic_acid",1,-0.131912684470855,0.335123932210349,-0.788755591603139,0.524930222661428
"acetyl_lysine__epsilon_",0,0.179600872587189,0.210894456200831,-0.233752261566439,0.592954006740818
"acetyl_lysine__epsilon_",1,-0.00439886658830613,0.315572984236989,-0.622921915692805,0.614124182516193
"threonine",0,0.0683387521975664,0.196220874955334,-0.316254162714888,0.452931667110021
"threonine",1,-0.310851193795033,0.376356124992273,-1.04850919877989,0.426806811189822
"X_3_aminoisobutyric_acid_baiba",0,0.253821921053239,0.198815816685279,-0.135857079649907,0.643500921756386
"X_3_aminoisobutyric_acid_baiba",1,-0.36652036024522,0.336685108609151,-1.02642317311915,0.293382452628715
"alanine",0,0.403253822249698,0.200622181264514,0.0100343469712507,0.796473297528145
"alanine",1,0.468243370393138,0.358994773443343,-0.235386385555815,1.17187312634209
"sarcosine",0,0.440391147601535,0.203265464791707,0.0419908366097889,0.838791458593282
"sarcosine",1,0.466557504161367,0.350796509581136,-0.221003654617659,1.15411866294039
"trimethyamine_n_oxide__tmao_",0,-0.0859206491960916,0.207829689013924,-0.493266839663382,0.321425541271199
"trimethyamine_n_oxide__tmao_",1,-0.277804241621284,0.360653449633022,-0.984685002902006,0.429076519659439
"creatinine",0,0.252236801133377,0.203649090866419,-0.146915416964805,0.651389019231558
"creatinine",1,0.0740893357077456,0.351926284974347,-0.615686182841975,0.763864854257466
"acetyl_alanine",0,0.180727980869018,0.207486076994705,-0.225944730040603,0.58740069177864
"acetyl_alanine",1,0.219642957815216,0.345808240295439,-0.458141193163844,0.897427108794275
"creatine",0,0.153697964756757,0.201992266594589,-0.242206877768637,0.549602807282151
"creatine",1,0.0600868424900099,0.35541007146427,-0.636516897579959,0.756690582559978
"X_5_aminolevulinic_acid",0,0.244802098131127,0.208418057786595,-0.1636972951306,0.653301491392854
"X_5_aminolevulinic_acid",1,-0.0704913356456972,0.353878358867437,-0.764092919025874,0.623110247734479
"methyl_histidine",0,-0.205394555706501,0.196934777971526,-0.591386720530691,0.18059760911769
"methyl_histidine",1,-0.510417000843446,0.363211341316992,-1.22231122982475,0.201477228137859
"asparagine",0,0.0500695357398377,0.199655247109109,-0.341254748594016,0.441393820073692
"asparagine",1,0.137145940389301,0.348069637174028,-0.545070548471793,0.819362429250396
"carnitine",0,0.00385927300860149,0.205469451658604,-0.398860852242262,0.406579398259465
"carnitine",1,-0.565837452079212,0.339023729972773,-1.23032396282585,0.098649058667423
"glutamine_unc",0,-0.0519033206885157,0.20425158822663,-0.45223643361271,0.348429792235679
"glutamine_unc",1,0.0341552928546352,0.327032459405041,-0.606828327579244,0.675138913288515
"glutamine",0,0.168780979338972,0.201067428101032,-0.225311179739051,0.562873138416994
"glutamine",1,0.485615355478139,0.342542513707083,-0.185767971387743,1.15699868234402
"serine",0,-0.0379048096511061,0.198233879468531,-0.426443213409426,0.350633594107214
"serine",1,0.464688466688364,0.35414578173173,-0.229437265505827,1.15881419888256
"beta_alanine",0,-0.00174063957514433,0.198717285408606,-0.391226518976013,0.387745239825724
"beta_alanine",1,0.157944305055185,0.342608828189329,-0.5135689981959,0.82945760830627
"glycine",0,-0.0852775121819649,0.203313883036796,-0.483772722934084,0.313217698570154
"glycine",1,0.447924142565531,0.353044526997113,-0.24404313034881,1.13989141547987
"X_5_adenosyl_homocysteine__sah_",0,-0.148327441614807,0.203349966080646,-0.546893375132873,0.250238491903259
"X_5_adenosyl_homocysteine__sah_",1,0.450297144893932,0.341737978168202,-0.219509292315744,1.12010358210361
"histidine",0,-0.102796090017633,0.202418323742024,-0.499536004552,0.293943824516734
"histidine",1,-0.296469826425954,0.343841035037401,-0.97039825509926,0.377458602247351
"cystine",0,0.0463518867288387,0.208426873999172,-0.362164786309539,0.454868559767216
"cystine",1,0.19732018432191,0.33789904252386,-0.464961939024856,0.859602307668676
"citicholine",0,-0.0805391713152504,0.198367118161846,-0.469338722912469,0.308260380281968
"citicholine",1,0.42781280987632,0.360143713151997,-0.278068867901594,1.13369448765423
"guanosine_monophosphate__gmp_",0,0.162546602298693,0.203568849153036,-0.236448342041259,0.561541546638644
"guanosine_monophosphate__gmp_",1,0.522915480868038,0.353967555903005,-0.170860928701852,1.21669189043793
"citidine_monophosphate__cmp_",0,-0.27813994821739,0.204069296353683,-0.678115769070607,0.121835872635828
"citidine_monophosphate__cmp_",1,0.134176728868712,0.37104957132032,-0.593080430919116,0.861433888656539
"a_glycerophosphocholine",0,-0.288141592896246,0.20385822131486,-0.687703706673371,0.111420520880879
"a_glycerophosphocholine",1,-0.0331908818282873,0.323611641783573,-0.667469699724091,0.601087936067517
"glutathione_disulfide__gssg_",0,-0.211056783000235,0.200912943633374,-0.604846152521649,0.182732586521178
"glutathione_disulfide__gssg_",1,0.874938176584377,0.37617052886119,0.137643940016444,1.61223241315231
"anserine",0,-0.0808840928407657,0.206553720103574,-0.485729384243771,0.323961198562239
"anserine",1,-0.159691921205554,0.332045079809904,-0.810500277632967,0.491116435221858
"cystathione",0,-0.415093527856861,0.212463211606527,-0.831521422605654,0.00133436689193295
"cystathione",1,0.355714351902632,0.332375072632025,-0.295740790456137,1.0071694942614
"phosphoethanolamine",0,0.128617584208144,0.207238101173308,-0.27756909409154,0.534804262507828
"phosphoethanolamine",1,0.846677011596464,0.340340910353429,0.179608827303744,1.51374519588918
"phosphocholine",0,-0.0511952542545344,0.199735025340937,-0.44267590392277,0.340285395413702
"phosphocholine",1,0.306046096709891,0.326710213560298,-0.334305921868292,0.946398115288074
"choline",0,-0.177626416455365,0.210781835315639,-0.590758813674017,0.235505980763287
"choline",1,0.235732433068608,0.333286449790163,-0.417509008520112,0.888973874657328
"acetyl_lysine__alpha_",0,-0.0343863337803073,0.204319551238028,-0.434852654206842,0.366079986646227
"acetyl_lysine__alpha_",1,-0.552230182883969,0.340780095528461,-1.22015917011975,0.115698804351814
"adenosyl_methyonine__sam_",0,0.0903524130868217,0.197585262358297,-0.296914701135441,0.477619527309084
"adenosyl_methyonine__sam_",1,0.0557469690242213,0.330884128983309,-0.592785923783064,0.704279861831506
"ornithine",0,-0.192569769321574,0.197605290211307,-0.579876138135736,0.194736599492588
"ornithine",1,-0.329675265989077,0.348043313364182,-1.01184016018287,0.35248962820472
"citrulline",0,-0.00736313341240613,0.200313582885446,-0.39997775586788,0.385251489043067
"citrulline",1,-0.386153711091975,0.359744294002627,-1.09125252733712,0.318945105153174
"monomethylarginine__nmma_",0,-0.340901138383268,0.208149994974098,-0.7488751285325,0.0670728517659638
"monomethylarginine__nmma_",1,-0.253083503412321,0.332086477761064,-0.903972999824006,0.397805992999363
"arginine",0,0.236336598446222,0.200413248905146,-0.156473369407864,0.629146566300308
"arginine",1,-0.307385958085844,0.341010574284707,-0.975766683683869,0.360994767512182
"glutamic_acid__glutamate_",0,0.302230371160574,0.207454882823008,-0.104381199172522,0.70884194149367
"glutamic_acid__glutamate_",1,-0.528984256189441,0.335476290909755,-1.18651778637256,0.128549273993678
"lysine",0,0.191041086580141,0.202727336513105,-0.206304492985545,0.588386666145828
"lysine",1,-0.461792821442413,0.340900278798625,-1.12995736788772,0.206371725002892
"adma_sdma",0,-0.0407073102614352,0.207243037124319,-0.446903663025099,0.365489042502229
"adma_sdma",1,0.0502820276099756,0.331388512967348,-0.599239457806027,0.699803513025978
"X_1_5_ag___1_deoxyglucose",0,-0.57738959764506,0.227681947891439,-1.02364621551228,-0.13113297977784
"X_1_5_ag___1_deoxyglucose",1,-0.256661688442038,0.34297169425478,-0.928886209181407,0.415562832297331
"X_2_aminoadipic_acid__aaa_",0,0.174088050965568,0.195773344766296,-0.209627704776373,0.557803806707509
"X_2_aminoadipic_acid__aaa_",1,-0.609796850557297,0.367721718510284,-1.33053141883745,0.110937717722859
"X_2_deoxyuridine",0,-0.228449995141254,0.208708028011814,-0.63751773004441,0.180617739761902
"X_2_deoxyuridine",1,0.285971856345002,0.342820274627956,-0.385955881925792,0.957899594615795
"X_2_hydroxybutyric_acid__ahb_",0,0.0867767136410269,0.197637967815832,-0.300593703278004,0.474147130560058
"X_2_hydroxybutyric_acid__ahb_",1,-0.296250924236348,0.343226905867995,-0.968975659737619,0.376473811264923
"X_2_hydroxyglutaric_acid",0,0.247200185723424,0.207267806618177,-0.159044715248202,0.65344508669505
"X_2_hydroxyglutaric_acid",1,0.481691782339631,0.343645985904656,-0.191854350033495,1.15523791471276
"X_2_ketoisovaleric_acid__kiv_",0,0.230632022124686,0.214903294856621,-0.190578435794291,0.651842480043663
"X_2_ketoisovaleric_acid__kiv_",1,0.0446468296499957,0.32379047605557,-0.589982503418922,0.679276162718913
"X_3_hydroxybutyric_acid__bhb_",0,0.20816908574381,0.207241761942731,-0.198024767663942,0.614362939151562
"X_3_hydroxybutyric_acid__bhb_",1,-0.15033664448143,0.350816476209168,-0.8379369378514,0.53726364888854
"acetoacetic_acid",0,0.60446854303742,0.208144380064596,0.196505558110811,1.01243152796403
"acetoacetic_acid",1,-0.4009188795564,0.365783451981569,-1.11785444544028,0.316016686327476
"aconitic_acid",0,0.378888590737952,0.214837054930334,-0.0421920369255027,0.799969218401407
"aconitic_acid",1,-0.0101194488117814,0.341728648739346,-0.679907600340899,0.659668702717336
"adp",0,0.161464943085583,0.199169040331337,-0.228906375963838,0.551836262135003
"adp",1,0.513823092662785,0.365679696407832,-0.202909112296566,1.23055529762214
"a_ketoglutaric_acid",0,0.566195480322041,0.209214012519486,0.156136015783848,0.976254944860233
"a_ketoglutaric_acid",1,-0.314015393268594,0.338894309757784,-0.97824824039385,0.350217453856662
"allantoin",0,0.318023882551891,0.2092382610782,-0.0920831091613806,0.728130874265163
"allantoin",1,-0.281936264944569,0.349524233315881,-0.967003762243696,0.403131232354559
"amp",0,0.220296343973193,0.197896543604539,-0.167580881491704,0.608173569438089
"amp",1,0.72882766038306,0.36714933388435,0.00921496596973315,1.44844035479639
"anthranilic_acid",0,-0.181159805867211,0.198061901133886,-0.569361132089628,0.207041520355207
"anthranilic_acid",1,-0.0166206022346037,0.332033495324865,-0.667406253071339,0.634165048602132
"arachidonoylglycerol_acetate",0,0.0107043288295574,0.197812648516431,-0.377008462262647,0.398417119921761
"arachidonoylglycerol_acetate",1,0.234154003738751,0.348547274392564,-0.448998654070674,0.917306661548176
"atp",0,0.13579894352668,0.20286992946427,-0.261826118223289,0.533424005276648
"atp",1,0.766033950200983,0.372552079371306,0.0358318746332228,1.49623602576874
"beta_isovaleric_acid",0,0.58140162130067,0.233566454599898,0.123611370284871,1.03919187231647
"beta_isovaleric_acid",1,0.204370905340399,0.31351868759429,-0.41012572234441,0.818867533025209
"bilirubin",0,0.116113191779229,0.209925234374486,-0.295340267594763,0.52756665115322
"bilirubin",1,-0.19893825429074,0.333505599585936,-0.852609229479175,0.454732720897695
"citric_acid_isocitric_acid",0,0.370390842839156,0.202006792633213,-0.0255424707219415,0.766324156400253
"citric_acid_isocitric_acid",1,0.0459480901566869,0.371102561580889,-0.681412930541855,0.773309110855229
"cyclic_amp",0,-0.0515638610055771,0.204283427365421,-0.451959378641802,0.348831656630648
"cyclic_amp",1,-0.172789882704104,0.351582235984025,-0.861891065232793,0.516311299824585
"deoxycholic_acid",0,0.300706267495059,0.19470362648925,-0.0809128404238723,0.68232537541399
"deoxycholic_acid",1,-0.182009956974475,0.369796527575594,-0.90681115102264,0.54279123707369
"d_gluconic_acid",0,0.228246255331281,0.210191822127545,-0.183729716038707,0.640222226701269
"d_gluconic_acid",1,0.0099302113657159,0.332247404331732,-0.641274701124478,0.66113512385591
"fumaric_acid",0,0.404875172076853,0.204426410949287,0.00419940661625112,0.805550937537455
"fumaric_acid",1,0.175060769939134,0.342999179348874,-0.497217621584659,0.847339161462928
"glucose",0,0.499530729250223,0.227117700527386,0.0543800362165462,0.944681422283899
"glucose",1,0.267629646913894,0.329902389800123,-0.378979037094347,0.914238330922135
"glyceric_acid",0,-0.0753575654843545,0.202851599441595,-0.47294670038988,0.322231569421171
"glyceric_acid",1,0.329588670873749,0.357154451789897,-0.37043405463445,1.02961139638195
"glycerol_3_phosphate",0,0.0714402215727116,0.19599048105511,-0.312701121295304,0.455581564440728
"glycerol_3_phosphate",1,0.320998583342151,0.356585010041375,-0.377908036338944,1.01990520302325
"glycochenodeoxycholic_acid",0,0.474054250502115,0.204045196912815,0.0741256645529978,0.873982836451233
"glycochenodeoxycholic_acid",1,0.511241194410589,0.363275892135106,-0.200779554174218,1.2232619429954
"glycocholic_acid",0,0.626111683954434,0.19938763220465,0.23531192483332,1.01691144307555
"glycocholic_acid",1,-0.00487100860116096,0.37260339412999,-0.735173661095942,0.72543164389362
"hippuric_acid",0,-0.112054700756688,0.206008747834933,-0.515831846513156,0.291722444999779
"hippuric_acid",1,-0.287149939198697,0.358114086948278,-0.989053549617322,0.414753671219928
"homogentisic_acid",0,0.17214334775371,0.202928376626153,-0.225596270433551,0.56988296594097
"homogentisic_acid",1,-0.122084343493219,0.32674604136754,-0.762506584573597,0.518337897587159
"hydroxyphenylpyruvic_acid",0,0.292496809675893,0.207855219422064,-0.114899420391351,0.699893039743138
"hydroxyphenylpyruvic_acid",1,0.513034113825879,0.344199399164108,-0.161596708535772,1.18766493618753
"hypoxanthine",0,-0.329107352600322,0.203084059055145,-0.727152108348406,0.0689374031477629
"hypoxanthine",1,-0.270233776238205,0.341679775531932,-0.939926136280791,0.399458583804381
"indole_3_carboxylic_acid",0,0.133787597962701,0.199513601426188,-0.257259060832626,0.524834256758029
"indole_3_carboxylic_acid",1,-0.285447719154515,0.339389707698343,-0.950651546243268,0.379756107934238
"indole_3_lactic_acid",0,-0.334634673528034,0.205010502200884,-0.736455257841767,0.0671859107856997
"indole_3_lactic_acid",1,0.0695554095812937,0.348834495952178,-0.614160202484976,0.753271021647564
"indole_3_propanoic_acid",0,-0.0494827523404343,0.211193726694212,-0.46342245666109,0.364456951980222
"indole_3_propanoic_acid",1,-0.12186985342577,0.324749899387003,-0.758379656224295,0.514639949372755
"indoxyl_sulfate",0,-0.824306132287185,0.225181604048892,-1.26566207622301,-0.382950188351357
"indoxyl_sulfate",1,-0.324562380393508,0.350430640110729,-1.01140643501054,0.362281674223521
"inosine",0,-0.0833013941402202,0.196142158357467,-0.467740024520856,0.301137236240416
"inosine",1,-0.204884685027717,0.341085678989012,-0.873412615846181,0.463643245790747
"keto_isocaproic_acid__kic_",0,0.534890691172204,0.216698315913089,0.11016199198255,0.959619390361859
"keto_isocaproic_acid__kic_",1,-0.254018163148939,0.361734446441257,-0.963017678173804,0.454981351875925
"kynurenic_acid",0,-0.0818889087175696,0.204293371134523,-0.482303916141235,0.318526098706096
"kynurenic_acid",1,-0.243984936650613,0.330745123249528,-0.892245378219688,0.404275504918461
"kynurenine",0,-0.133240592085936,0.202667518433777,-0.530468928216139,0.263987744044267
"kynurenine",1,-0.267304093510171,0.331258261940974,-0.916570286914481,0.381962099894138
"lactic_acid",0,0.130256450958761,0.210944095817738,-0.283193976844006,0.543706878761527
"lactic_acid",1,0.236662798085325,0.322654491130842,-0.395740004531125,0.869065600701776
"maleic_acid",0,0.357420272757956,0.216603957243813,-0.0671234834399168,0.781964028955829
"maleic_acid",1,-0.149978982570924,0.333557058573969,-0.803750817375903,0.503792852234055
"malic_acid",0,0.0745051422308562,0.198409472938036,-0.314377424727695,0.463387709189407
"malic_acid",1,0.397240761273823,0.344973621312074,-0.278907536497843,1.07338905904549
"malonic_acid",0,-0.0397939288470268,0.206722191332777,-0.44496942385927,0.365381566165216
"malonic_acid",1,-0.0621989980696756,0.345055836080997,-0.73850843678843,0.614110440649079
"orotic_acid",0,0.0197197594833376,0.203359047644636,-0.37886397390015,0.418303492866825
"orotic_acid",1,-0.0625818226820079,0.331507328016892,-0.712336185595117,0.587172540231101
"oxalic_acid",0,0.092766450786736,0.210194907668381,-0.319215568243291,0.504748469816763
"oxalic_acid",1,0.412455598238986,0.332191699986812,-0.238640133735167,1.06355133021314
"oxaloacetic_acid",0,0.0518489601085094,0.198722887200488,-0.337647898804447,0.441345819021466
"oxaloacetic_acid",1,0.354921068776282,0.37393006828912,-0.377981865070393,1.08782400262296
"pantothenic_acid",0,0.265972621384298,0.198051045169276,-0.122207427147483,0.654152669916079
"pantothenic_acid",1,-0.288318968994275,0.359618695431324,-0.993171612039669,0.416533674051119
"phosphocreatine__pcr_",0,-0.231280347405071,0.206205974602808,-0.635444057626574,0.172883362816432
"phosphocreatine__pcr_",1,-0.204364595783964,0.334083313986934,-0.859167891198354,0.450438699630426
"pseudouridine",0,-0.175359216079989,0.193383143208767,-0.554390176769172,0.203671744609195
"pseudouridine",1,-0.19096074169759,0.365432281577921,-0.907208013590315,0.525286530195134
"pyroglutamic_acid",0,-0.105867669428633,0.203162241806281,-0.504065663368943,0.292330324511677
"pyroglutamic_acid",1,0.206001295488918,0.343621868213723,-0.467497566209979,0.879500157187816
"pyruvic_acid",0,0.259463974797837,0.214476872207057,-0.160910694727995,0.679838644323669
"pyruvic_acid",1,0.390636337223026,0.325987860205633,-0.248299868780015,1.02957254322607
"salicylic_acid",0,0.117236938970836,0.201750092018899,-0.278193241386206,0.512667119327878
"salicylic_acid",1,0.364038261392017,0.354949829083209,-0.331663403611073,1.05973992639511
"simvastatin",0,-0.0503156670707666,0.211649828858908,-0.465149331634226,0.364517997492693
"simvastatin",1,-0.21951263112611,0.335293895712862,-0.87668866672332,0.437663404471099
"succinic_acid",0,-0.354628141063533,0.208677795363837,-0.763636619976653,0.0543803378495871
"succinic_acid",1,0.346422502663295,0.365671853876624,-0.370294330934888,1.06313933626148
"taurocholic_acid",0,0.445429300128014,0.197040630868157,0.0592296636264272,0.831628936629601
"taurocholic_acid",1,-0.222461409757342,0.336159496784436,-0.881334023454836,0.436411203940152
"taurodeoxycholic_acid",0,0.510244121284931,0.201458799851765,0.115384873575471,0.905103368994391
"taurodeoxycholic_acid",1,0.0595579309289025,0.333581485050609,-0.594261779770292,0.713377641628097
"udp_glcnac",0,0.2285659903542,0.202801281308079,-0.168924521009635,0.626056501718034
"udp_glcnac",1,-0.227106972478692,0.348182274701573,-0.909544230893775,0.455330285936391
"udp_glucose____galactose",0,0.00929037080471631,0.193599497893639,-0.370164645066817,0.38874538667625
"udp_glucose____galactose",1,0.0943691998435086,0.354370468378899,-0.600196918179134,0.788935317866151
"uracil",0,-0.264873881492488,0.200585464702796,-0.658021392309969,0.128273629324993
"uracil",1,-0.29818388049793,0.351022875466891,-0.986188716413036,0.389820955417177
"uric_acid",0,0.0234659066911767,0.198820114373083,-0.366221517480067,0.41315333086242
"uric_acid",1,0.0116064782539216,0.335546725430667,-0.646065103590186,0.66927806009803
"warfarin",0,0.042359280090358,0.307280075033638,-0.559909666975572,0.644628227156288
"warfarin",1,0.51821839584954,0.421156840910983,-0.307249012335985,1.34368580403507
"xanthine",0,0.0753188725844448,0.19502913616974,-0.306938234308245,0.457575979477135
"xanthine",1,-0.608541881548708,0.336412996623501,-1.26791135493077,0.0508275918333539
"xanthosine",0,0.123505851821528,0.197592409592247,-0.263775270979277,0.510786974622332
"xanthosine",1,-0.139749447762371,0.353048837481047,-0.831725169225223,0.552226273700481
"xanthurenic_acid",0,0.17011723173397,0.192405783123205,-0.206998103187512,0.547232566655453
"xanthurenic_acid",1,-0.722710954527584,0.369872083943404,-1.44766023905666,0.00223833000148721
