"metabolite","estimate_aa","std_err_aa","estimate_ea","std_err_ea"
"a_glycerophosphocholine",0.254950711067959,0.383897004255755,0.0983187466575885,0.279052808752261
"a_ketoglutaric_acid",-0.880210873590635,0.397715882674309,-0.135676287744957,0.281468077274756
"acetoacetic_acid",-1.00538742259382,0.420419517897859,-0.346555754493493,0.283423668459859
"acetyl_alanine",0.0389149769461975,0.387684804267885,0.199237763698415,0.288123209069118
"acetyl_carnitine",-0.490633960252054,0.409169015910635,-0.0370343363212586,0.279975244313034
"acetyl_glutamate",0.152381877597627,0.407669488508173,-0.471300726278094,0.28718128688916
"acetyl_glutamine",-0.348620178122024,0.413888468887321,-0.414539424089971,0.280769884714283
"acetyl_lysine__alpha_",-0.517843849103662,0.394196909101164,0.0949948856271578,0.28800703931564
"acetyl_lysine__epsilon_",-0.183999739175496,0.378481707738134,0.0966557845927894,0.291474307690267
"acetyl_neuraminic_acid",-0.505606948590135,0.395733431640146,0.00787989307086763,0.284462805982465
"aconitic_acid",-0.389008039549733,0.400929634378466,-0.410407154579298,0.269672723494469
"adenosyl_methyonine__sam_",-0.0346054440626004,0.38444740758225,-0.197000872813442,0.274785236369499
"adma_sdma",0.0909893378714108,0.388971601860742,0.25115048427032,0.282055730238218
"adp",0.352358149577202,0.416897042778714,-0.128797889815998,0.277901703977805
"alanine",0.0649895481434397,0.413441885543577,0.198538971079931,0.277729338051686
"allantoin",-0.59996014749646,0.407416199575707,0.271846404737974,0.270061452063238
"amp",0.508531316409867,0.416924517928703,-0.0892423704792773,0.27685009781793
"anandamide",-0.421430909411492,0.39870191569934,0.008474816281388,0.275015594720644
"anserine",-0.0788078283647887,0.388941230048742,-0.279545152701807,0.268921284747917
"anthranilic_acid",0.164539203632607,0.385952001547441,-0.0794877695726759,0.272492226824518
"arachidonoylglycerol_acetate",0.223449674909194,0.400011004213825,0.225293528854,0.297495975319875
"arginine",-0.543722556532065,0.395165001662901,0.173023636823205,0.275850020855164
"asparagine",0.0870764046494637,0.400720781755796,0.0379517237715343,0.292807407258535
"aspartic_acid__aspartate_",-0.472565683921216,0.391756509442736,0.101154215238805,0.285062446960317
"atorvastatin",0.300717912842852,0.560308400260456,0.255813118665309,0.334179837360333
"atp",0.630235006674303,0.424264778835194,0.300488209359351,0.280925407438356
"beta_alanine",0.159684944630329,0.395517131668537,0.32079585332533,0.27901840870127
"beta_isovaleric_acid",-0.377030715960271,0.391123261295755,-0.0880048342828046,0.276218199612031
"betaine",0.163427754051155,0.394969831102512,0.185788625199044,0.285100674600019
"bilirubin",-0.315051446069969,0.392621410092574,0.288437596181634,0.276828241651533
"c10_carnitine",0.38995757921899,0.399738782249102,-0.0471187758266095,0.277425594490892
"c12_1_carnitine",0.177152813562983,0.392590486925834,0.210988981713623,0.295525554835362
"c12_carnitine",0.552557328039548,0.399188948348608,0.115434767800361,0.287820691798713
"c14_1_carnitine",0.526793044565099,0.40123279512845,0.0871705047317086,0.283934067257681
"c14_2_carnitine",0.557157452927385,0.395005603330078,0.10582093242505,0.289590230160094
"c14_carnitine",0.502883462321094,0.407513574994491,0.056887721437479,0.283410310277216
"c16_1_carnitine",0.445357381333368,0.407860464572215,0.273617619666095,0.300441481943341
"c16_2_carnitine",0.501724788965081,0.392757387172995,0.194822029205334,0.293649520817878
"c16_carnitine",0.00249211164870107,0.400823946424212,0.368846819228242,0.294389011707716
"c18_1_carnitine",0.0777636175118529,0.401179250703569,0.361416155346353,0.303547439247979
"c18_2_carnitine",0.191345897522223,0.408432571124496,0.282141254072736,0.293738384665026
"c18_carnitine",0.239679121501281,0.407411754476309,0.265303215382917,0.300757449789128
"c26_carnitine",0.0419693901587445,0.388477538935224,0.126768340859976,0.279449376466475
"c3_carnitine",-0.351278804474814,0.396562412245099,0.0587141657676419,0.27687689438448
"c3_malonyl_carnitine",-0.0742956335658348,0.39637013873811,-0.278158706590627,0.283133171833738
"c4_butyryl_carnitine",0.184198529367871,0.403651088679919,0.00209767389304748,0.272148582681371
"c4_methylmalonyl_carnitine",-0.180329695079859,0.393410546578004,0.259225089934311,0.268273550122835
"c5_valeryl_carnitine",-0.102211251128952,0.417152905897916,-0.362639374215083,0.286500475198703
"c6_carnitine",0.129271739740501,0.401414833636828,-0.204550452383593,0.281932189803944
"c7_carnitine",0.0331016607688379,0.394815740770181,-0.289735038814226,0.285288008612761
"c8_carnitine",0.206516112554377,0.39042038915063,0.0349774311126252,0.275615547317328
"c9_carnitine",0.135659601667993,0.38321204523285,0.0694445979131005,0.303433555337042
"carnitine",-0.569696725087813,0.396486113061673,-0.017655157900072,0.273376229357927
"choline",0.413358849523973,0.393929625155785,0.165733918485812,0.274544540386031
"citicholine",0.50835198119157,0.409263563859638,-0.127672162083569,0.289441278011416
"citidine_monophosphate__cmp_",0.412316677086101,0.423454896804713,-0.414156586153099,0.270840123420475
"citric_acid_isocitric_acid",-0.324442752682469,0.418999655785831,-0.24025185271101,0.279732818680648
"citrulline",-0.378790577679569,0.411741895249895,-0.569179970163117,0.289112212449356
"cotinine",-0.00117218666349407,0.410024660104281,0.0144235587575197,0.285470784653271
"creatine",-0.0936111222667474,0.394345680723835,0.19484152575607,0.281237671877595
"creatinine",-0.178147465425631,0.407226875355763,0.265615286573173,0.28488685444422
"cyclic_amp",-0.121226021698527,0.406102521528724,-0.0866043540245228,0.281585189155264
"cystamine",-0.75366347154344,0.410659425525843,0.459731028280535,0.27199586817095
"cystathione",0.770807879759493,0.393922128901803,-0.278841499490583,0.274172838267384
"cystine",0.150968297593071,0.39360614232107,0.17834587997038,0.289784495598982
"cytidine",-0.401396094902332,0.382917118055913,-0.56835762885605,0.282429285417288
"d_gluconic_acid",-0.218316043965565,0.390982040986441,-0.459021860831135,0.287808506940572
"deoxycholic_acid",-0.482716224469533,0.417140268919346,0.160954768602502,0.268933136604473
"dimethylglycine",-0.0379801130884812,0.400159051888321,-0.111979154709725,0.285472308652615
"dmgv",0.375209930703228,0.395076072196248,-0.321191872585043,0.284699176572075
"fad",-0.136719698799792,0.407257650417437,-0.0205162290169415,0.274861118308456
"folate",0.417610822182034,0.422764094239154,0.294430992735572,0.276351761555118
"fumaric_acid",-0.229814402137719,0.39868026332303,0.324063082453134,0.273481549053793
"glucose",-0.231901082336328,0.399959127703706,-0.452789615685009,0.280647789489131
"glutamic_acid__glutamate_",-0.831214627350016,0.392783362106992,-0.305514827137922,0.296358630222198
"glutamine",0.316834376139168,0.395796012675502,0.335158532651239,0.285357567664995
"glutamine_unc",0.0860586135431509,0.385831450230635,0.0666547776139429,0.276550631727825
"glutathione__gsh_",-0.0573269660610993,0.432456575583342,0.00977018511201743,0.27949928585584
"glutathione_disulfide__gssg_",1.08599495958461,0.426841234700711,0.420734568834289,0.286132733625408
"glyceric_acid",0.404946236358103,0.409207641274261,0.0104810679810501,0.283654494610693
"glycerol_3_phosphate",0.249558361769439,0.406662713405972,0.392607903626087,0.288989071899058
"glycine",0.533201654747496,0.405942696020829,0.00509844899856497,0.271276088746101
"glycochenodeoxycholic_acid",0.0371869439084735,0.41682156959143,-0.101539312080122,0.271396109978342
"glycocholic_acid",-0.630982692555595,0.423193432447898,-0.194886577239729,0.269707152868094
"guanine",-0.0570729852915595,0.428042900070027,0.106180834625363,0.290876617278237
"guanosine",0.121131348669685,0.415760935033054,-0.415646299629586,0.276472701343253
"guanosine_monophosphate__gmp_",0.360368878569345,0.409143744257007,0.014284961247924,0.280182347592611
"hippuric_acid",-0.175095238442008,0.408521108666892,0.146178891038665,0.27354708496795
"histidine",-0.193673736408321,0.399572324402901,0.445947800304544,0.292600958299081
"homocysteine",1.11872506334268,0.403660670198315,0.515006549919623,0.29160857910947
"homogentisic_acid",-0.294227691246928,0.384596335185571,0.0560197811559999,0.280749045745395
"hydroxy_lysine",-0.163060929997616,0.387196985722745,-0.0633779742216348,0.271129836293197
"hydroxy_tyrosine",-0.325841224298452,0.41476072109383,0.161510980084833,0.270757638139369
"hydroxyphenylpyruvic_acid",0.220537304149985,0.402394115128397,-0.0374983681122384,0.294325394460122
"hypoxanthine",0.0588735763621166,0.39735966191821,-0.4451395308443,0.274164613890819
"indole_3_carboxylic_acid",-0.419235317117216,0.390555646232275,-0.262236250647246,0.273160612309135
"indole_3_lactic_acid",0.404190083109327,0.40235549493964,0.0538562219828708,0.281549822629107
"indole_3_propanoic_acid",-0.0723871010853358,0.385486100518294,-0.000501542465457988,0.274910602344808
"indoxyl_sulfate",0.499743751893677,0.415113287786081,-0.284661987544882,0.291256753510634
"inosine",-0.121583290887497,0.393245425461531,-0.277359873949892,0.284525613269797
"isoleucine",-1.13830166779441,0.417341821024251,-0.189020979467601,0.269078106364314
"keto_isocaproic_acid__kic_",-0.788908854321144,0.419078589667196,-0.202324712149386,0.293226014495286
"kynurenic_acid",-0.162096027933044,0.388192460864156,-0.224942926285237,0.276090616826475
"kynurenine",-0.134063501424236,0.385862602254654,0.029970894991601,0.273977307327143
"lactic_acid",0.106406347126564,0.38537976735857,0.0965163191983213,0.279902205701826
"leucine",-0.685946808486066,0.399899288980127,-0.317375177240572,0.292033424850372
"lysine",-0.652833908022554,0.394744356889608,0.0523266192985762,0.285867386236313
"maleic_acid",-0.50739925532888,0.396866112571093,-0.185601228482338,0.27838556350253
"malic_acid",0.322735619042966,0.397774662913525,0.400509617366877,0.289729896589032
"malonic_acid",-0.0224050692226488,0.401049484688744,0.050578177655885,0.292124775977445
"methionine",-0.134924896129362,0.424000716236431,0.135348305314275,0.291950785079685
"methyl_cysteine",0.534851348000755,0.38721590557714,0.576793641022719,0.295785233579841
"methyl_histidine",-0.305022445136945,0.413626939938024,-0.0950586445610008,0.270716915330625
"monomethylarginine__nmma_",0.0878176349709471,0.390949291211776,-0.0482292969050893,0.291825971674397
"ornithine",-0.137105496667503,0.399541937310029,-0.0927589620596794,0.275193268394856
"orotic_acid",-0.0823015821653456,0.387993356690855,0.645744613511044,0.294433889462517
"oxalic_acid",0.31968914745225,0.392126359258169,0.102365160656206,0.284379438977903
"oxaloacetic_acid",0.303072108667773,0.420489778125887,0.162099147891622,0.287781878259457
"pantothenic_acid",-0.554291590378573,0.406799506646413,-0.251827050781463,0.272903390658926
"phenylalanine",-0.525805609438685,0.406076121630667,0.297650577566669,0.281472605954249
"phosphocholine",0.357241350964425,0.382595674921337,-0.139649771129854,0.281146407263587
"phosphocreatine__pcr_",0.0269157516211072,0.390672270446354,0.287601408729805,0.283837721560507
"phosphoethanolamine",0.71805942738832,0.398943700944662,-0.01891516388855,0.268425369254382
"proline",0.0411408073972136,0.395311056063917,-0.426132933352147,0.282414008734501
"pseudouridine",-0.0156015256176019,0.413102240383216,-0.138713669712868,0.292594678405384
"pyroglutamic_acid",0.311868964917552,0.398785382163772,-0.12816311762987,0.262924227874495
"pyruvic_acid",0.131172362425189,0.38874392833758,-0.0330844515438816,0.285983337470766
"s1p_",0.578318972699151,0.396012778414267,-0.237908496549986,0.28643431007641
"salicylic_acid",0.246801322421181,0.407574595172572,-0.242065089483714,0.289401852292331
"sarcosine",0.0261663565598316,0.407902078380845,0.361123671697558,0.279366437174383
"serine",0.50259327633947,0.405154799925914,-0.130147594089712,0.271547730347042
"simvastatin",-0.169196964055344,0.39229076952024,-0.0796655395362748,0.27561786489964
"succinic_acid",0.701050643726828,0.418785394211762,0.235720327935705,0.287532839074514
"taurine",-0.00228080780275983,0.400898966822035,0.321055046104032,0.264340233867197
"taurocholic_acid",-0.667890709885356,0.388525616576629,-0.163911980717837,0.263251952485085
"taurodeoxycholic_acid",-0.450686190356029,0.388405189178436,0.106579367278064,0.272929571950605
"threonine",-0.379189945992599,0.42492308985726,0.108978877912673,0.288532729554457
"thyroxine",0.114729863166703,0.392381932154536,-0.0980669175122316,0.286613425317815
"trimethyamine_n_oxide__tmao_",-0.191883592425192,0.414473857428201,-0.570482235802192,0.280127999636623
"tryptophan",-0.396918344296732,0.405762385698962,0.542133287676608,0.284807836523638
"tyrosine",-0.0369111971054118,0.378768232936493,0.425144329416476,0.288865587828169
"udp_glcnac",-0.455672962832892,0.401840713579088,-0.40863154815166,0.281554550260228
"udp_glucose____galactose",0.0850788290387923,0.403558361060845,-0.480884994336022,0.301963414074206
"uracil",-0.0333099990054415,0.402630916281324,-0.493265700869488,0.288083173723511
"uric_acid",-0.0118594284372551,0.390378120175189,-0.241377049580395,0.280986348815617
"uridine",0.03406439391449,0.386861037200087,0.151568482190184,0.272276393814947
"uridine_monophosphate",-0.114347853691019,0.38654482053061,-0.344734527999637,0.267255239111529
"valine",-0.628370543351701,0.409134879269203,0.124363419753923,0.26938663297654
"warfarin",0.475859115759182,0.522802008716011,-0.705390899775494,0.398170393846785
"X_1_5_ag___1_deoxyglucose",0.320727909203022,0.410849574729805,0.573653113839501,0.284802390440176
"X_2_aminoadipic_acid__aaa_",-0.783884901522865,0.416731904577504,-0.433739539281793,0.277920504590083
"X_2_aminooctanoate",0.0625089849982065,0.403880048254983,-0.0139134413289976,0.261791126453997
"X_2_deoxyuridine",0.514421851486256,0.399686926370432,-0.25625890171114,0.289911540098475
"X_2_hydroxybutyric_acid__ahb_",-0.383027637877375,0.395251677761387,-0.424318883594974,0.287899969478651
"X_2_hydroxyglutaric_acid",0.234491596616207,0.400215062610983,0.345674251262594,0.287421667516915
"X_2_ketoisovaleric_acid__kiv_",-0.18598519247469,0.387160367477268,-0.0777646904841953,0.276184532200247
"X_3_aminoisobutyric_acid_baiba",-0.620342281298459,0.389815528661532,0.119859692066435,0.280554133496841
"X_3_hydroxybutyric_acid__bhb_",-0.35850573022524,0.410562869729213,-0.345586990162895,0.28502496204949
"X_5_adenosyl_homocysteine__sah_",0.598624586508739,0.398206212254477,-0.553783871871684,0.284950005593861
"X_5_aminolevulinic_acid",-0.315293433776824,0.398388810666514,-0.078153736476718,0.280371406257055
"xanthine",-0.683860754133153,0.389573698415623,0.0245731296602654,0.280391320372082
"xanthosine",-0.263255299583899,0.404408275488043,-0.42851820833871,0.28288898726761
"xanthurenic_acid",-0.892828186261554,0.416880495522411,0.151078407516619,0.277318236544829
